file,line,type,commit,author,date,time,timezone,datetime,depth,length
style.css,1,css,2d82f7dd,Tanya301,2025-01-17,12:49:47,-08:00,2025-01-17T12:49:47-08:00,0,6
style.css,2,css,2d82f7dd,Tanya301,2025-01-17,12:49:47,-08:00,2025-01-17T12:49:47-08:00,0,43
style.css,3,css,2d82f7dd,Tanya301,2025-01-17,12:49:47,-08:00,2025-01-17T12:49:47-08:00,0,0
style.css,4,css,53e92c3a,Tanya301,2025-01-24,15:31:40,-08:00,2025-01-24T15:31:40-08:00,0,6
style.css,5,css,e9cf69ab,Tanya301,2025-01-10,15:33:16,-08:00,2025-01-10T15:33:16-08:00,0,5
style.css,6,css,e9cf69ab,Tanya301,2025-01-10,15:33:16,-08:00,2025-01-10T15:33:16-08:00,0,44
style.css,7,css,e9cf69ab,Tanya301,2025-01-10,15:33:16,-08:00,2025-01-10T15:33:16-08:00,0,43
style.css,8,css,e9cf69ab,Tanya301,2025-01-10,15:33:16,-08:00,2025-01-10T15:33:16-08:00,0,1
style.css,9,css,e9cf69ab,Tanya301,2025-01-10,15:33:16,-08:00,2025-01-10T15:33:16-08:00,0,24
style.css,10,css,53e92c3a,Tanya301,2025-01-24,15:31:40,-08:00,2025-01-24T15:31:40-08:00,0,0
style.css,11,css,53e92c3a,Tanya301,2025-01-24,15:31:40,-08:00,2025-01-24T15:31:40-08:00,0,5
style.css,12,css,2d82f7dd,Tanya301,2025-01-17,12:49:47,-08:00,2025-01-17T12:49:47-08:00,0,16
style.css,13,css,2d82f7dd,Tanya301,2025-01-17,12:49:47,-08:00,2025-01-17T12:49:47-08:00,0,19
style.css,14,css,2d82f7dd,Tanya301,2025-01-17,12:49:47,-08:00,2025-01-17T12:49:47-08:00,0,11
style.css,15,css,2d82f7dd,Tanya301,2025-01-17,12:49:47,-08:00,2025-01-17T12:49:47-08:00,0,0
style.css,16,css,2d82f7dd,Tanya301,2025-01-17,12:49:47,-08:00,2025-01-17T12:49:47-08:00,0,4
style.css,17,css,2d82f7dd,Tanya301,2025-01-17,12:49:47,-08:00,2025-01-17T12:49:47-08:00,0,13
style.css,18,css,2d82f7dd,Tanya301,2025-01-17,12:49:47,-08:00,2025-01-17T12:49:47-08:00,0,18
style.css,19,css,2d82f7dd,Tanya301,2025-01-17,12:49:47,-08:00,2025-01-17T12:49:47-08:00,0,24
style.css,20,css,2d82f7dd,Tanya301,2025-01-17,12:49:47,-08:00,2025-01-17T12:49:47-08:00,0,26
style.css,21,css,53e92c3a,Tanya301,2025-01-24,15:31:40,-08:00,2025-01-24T15:31:40-08:00,0,40
style.css,22,css,53e92c3a,Tanya301,2025-01-24,15:31:40,-08:00,2025-01-24T15:31:40-08:00,0,40
style.css,23,css,2d82f7dd,Tanya301,2025-01-17,12:49:47,-08:00,2025-01-17T12:49:47-08:00,0,0
style.css,24,css,2d82f7dd,Tanya301,2025-01-17,12:49:47,-08:00,2025-01-17T12:49:47-08:00,0,6
style.css,25,css,2d82f7dd,Tanya301,2025-01-17,12:49:47,-08:00,2025-01-17T12:49:47-08:00,0,7
style.css,26,css,2d82f7dd,Tanya301,2025-01-17,12:49:47,-08:00,2025-01-17T12:49:47-08:00,0,21
style.css,27,css,2d82f7dd,Tanya301,2025-01-17,12:49:47,-08:00,2025-01-17T12:49:47-08:00,0,14
style.css,28,css,2d82f7dd,Tanya301,2025-01-17,12:49:47,-08:00,2025-01-17T12:49:47-08:00,0,18
style.css,29,css,2d82f7dd,Tanya301,2025-01-17,12:49:47,-08:00,2025-01-17T12:49:47-08:00,0,14
style.css,30,css,2d82f7dd,Tanya301,2025-01-17,12:49:47,-08:00,2025-01-17T12:49:47-08:00,0,0
style.css,31,css,2d82f7dd,Tanya301,2025-01-17,12:49:47,-08:00,2025-01-17T12:49:47-08:00,0,14
style.css,32,css,2d82f7dd,Tanya301,2025-01-17,12:49:47,-08:00,2025-01-17T12:49:47-08:00,0,24
style.css,33,css,53e92c3a,Tanya301,2025-01-24,15:31:40,-08:00,2025-01-24T15:31:40-08:00,0,40
style.css,34,css,2d82f7dd,Tanya301,2025-01-17,12:49:47,-08:00,2025-01-17T12:49:47-08:00,0,17
style.css,35,css,2d82f7dd,Tanya301,2025-01-17,12:49:47,-08:00,2025-01-17T12:49:47-08:00,0,19
style.css,36,css,2d82f7dd,Tanya301,2025-01-17,12:49:47,-08:00,2025-01-17T12:49:47-08:00,0,26
style.css,37,css,2d82f7dd,Tanya301,2025-01-17,12:49:47,-08:00,2025-01-17T12:49:47-08:00,0,0
style.css,38,css,2d82f7dd,Tanya301,2025-01-17,12:49:47,-08:00,2025-01-17T12:49:47-08:00,0,8
style.css,39,css,2d82f7dd,Tanya301,2025-01-17,12:49:47,-08:00,2025-01-17T12:49:47-08:00,0,24
style.css,40,css,2d82f7dd,Tanya301,2025-01-17,12:49:47,-08:00,2025-01-17T12:49:47-08:00,0,40
style.css,41,css,2d82f7dd,Tanya301,2025-01-17,12:49:47,-08:00,2025-01-17T12:49:47-08:00,0,17
style.css,42,css,2d82f7dd,Tanya301,2025-01-17,12:49:47,-08:00,2025-01-17T12:49:47-08:00,0,19
style.css,43,css,2d82f7dd,Tanya301,2025-01-17,12:49:47,-08:00,2025-01-17T12:49:47-08:00,0,26
style.css,44,css,53e92c3a,Tanya301,2025-01-24,15:31:40,-08:00,2025-01-24T15:31:40-08:00,0,58
style.css,45,css,53e92c3a,Tanya301,2025-01-24,15:31:40,-08:00,2025-01-24T15:31:40-08:00,0,100
style.css,46,css,53e92c3a,Tanya301,2025-01-24,15:31:40,-08:00,2025-01-24T15:31:40-08:00,0,79
style.css,47,css,53e92c3a,Tanya301,2025-01-24,15:31:40,-08:00,2025-01-24T15:31:40-08:00,0,114
style.css,48,css,fda2c795,Tanya301,2025-02-07,15:36:30,-08:00,2025-02-07T15:36:30-08:00,0,17
style.css,49,css,2d82f7dd,Tanya301,2025-01-17,12:49:47,-08:00,2025-01-17T12:49:47-08:00,0,0
style.css,50,css,2d82f7dd,Tanya301,2025-01-17,12:49:47,-08:00,2025-01-17T12:49:47-08:00,0,0
style.css,51,css,2d82f7dd,Tanya301,2025-01-17,12:49:47,-08:00,2025-01-17T12:49:47-08:00,0,5
style.css,52,css,2d82f7dd,Tanya301,2025-01-17,12:49:47,-08:00,2025-01-17T12:49:47-08:00,0,13
style.css,53,css,2d82f7dd,Tanya301,2025-01-17,12:49:47,-08:00,2025-01-17T12:49:47-08:00,0,31
style.css,54,css,2d82f7dd,Tanya301,2025-01-17,12:49:47,-08:00,2025-01-17T12:49:47-08:00,0,8
style.css,55,css,2d82f7dd,Tanya301,2025-01-17,12:49:47,-08:00,2025-01-17T12:49:47-08:00,0,0
style.css,56,css,53e92c3a,Tanya301,2025-01-24,15:31:40,-08:00,2025-01-24T15:31:40-08:00,0,11
style.css,57,css,2d82f7dd,Tanya301,2025-01-17,12:49:47,-08:00,2025-01-17T12:49:47-08:00,0,13
style.css,58,css,2d82f7dd,Tanya301,2025-01-17,12:49:47,-08:00,2025-01-17T12:49:47-08:00,0,30
style.css,59,css,2d82f7dd,Tanya301,2025-01-17,12:49:47,-08:00,2025-01-17T12:49:47-08:00,0,19
style.css,60,css,2d82f7dd,Tanya301,2025-01-17,12:49:47,-08:00,2025-01-17T12:49:47-08:00,0,0
style.css,61,css,2d82f7dd,Tanya301,2025-01-17,12:49:47,-08:00,2025-01-17T12:49:47-08:00,0,7
style.css,62,css,2d82f7dd,Tanya301,2025-01-17,12:49:47,-08:00,2025-01-17T12:49:47-08:00,0,19
style.css,63,css,2d82f7dd,Tanya301,2025-01-17,12:49:47,-08:00,2025-01-17T12:49:47-08:00,0,0
style.css,64,css,2d82f7dd,Tanya301,2025-01-17,12:49:47,-08:00,2025-01-17T12:49:47-08:00,0,13
style.css,65,css,2d82f7dd,Tanya301,2025-01-17,12:49:47,-08:00,2025-01-17T12:49:47-08:00,0,19
style.css,66,css,2d82f7dd,Tanya301,2025-01-17,12:49:47,-08:00,2025-01-17T12:49:47-08:00,0,17
style.css,67,css,2d82f7dd,Tanya301,2025-01-17,12:49:47,-08:00,2025-01-17T12:49:47-08:00,0,33
style.css,68,css,53e92c3a,Tanya301,2025-01-24,15:31:40,-08:00,2025-01-24T15:31:40-08:00,0,114
style.css,69,css,fda2c795,Tanya301,2025-02-07,15:36:30,-08:00,2025-02-07T15:36:30-08:00,0,17
style.css,70,css,2d82f7dd,Tanya301,2025-01-17,12:49:47,-08:00,2025-01-17T12:49:47-08:00,0,0
style.css,71,css,2d82f7dd,Tanya301,2025-01-17,12:49:47,-08:00,2025-01-17T12:49:47-08:00,0,0
style.css,72,css,548cf35e,Tanya301,2025-01-17,17:59:38,-08:00,2025-01-17T17:59:38-08:00,0,13
style.css,73,css,548cf35e,Tanya301,2025-01-17,17:59:38,-08:00,2025-01-17T17:59:38-08:00,0,13
style.css,74,css,548cf35e,Tanya301,2025-01-17,17:59:38,-08:00,2025-01-17T17:59:38-08:00,0,59
style.css,75,css,548cf35e,Tanya301,2025-01-17,17:59:38,-08:00,2025-01-17T17:59:38-08:00,0,8
style.css,76,css,548cf35e,Tanya301,2025-01-17,17:59:38,-08:00,2025-01-17T17:59:38-08:00,0,0
style.css,77,css,8601f11d,Tanya301,2025-01-17,19:36:54,-08:00,2025-01-17T19:36:54-08:00,0,12
style.css,78,css,548cf35e,Tanya301,2025-01-17,17:59:38,-08:00,2025-01-17T17:59:38-08:00,0,13
style.css,79,css,548cf35e,Tanya301,2025-01-17,17:59:38,-08:00,2025-01-17T17:59:38-08:00,0,30
style.css,80,css,548cf35e,Tanya301,2025-01-17,17:59:38,-08:00,2025-01-17T17:59:38-08:00,0,16
style.css,81,css,2d82f7dd,Tanya301,2025-01-17,12:49:47,-08:00,2025-01-17T12:49:47-08:00,0,0
style.css,82,css,8601f11d,Tanya301,2025-01-17,19:36:54,-08:00,2025-01-17T19:36:54-08:00,0,15
style.css,83,css,548cf35e,Tanya301,2025-01-17,17:59:38,-08:00,2025-01-17T17:59:38-08:00,0,9
style.css,84,css,2d82f7dd,Tanya301,2025-01-17,12:49:47,-08:00,2025-01-17T12:49:47-08:00,0,0
style.css,85,css,548cf35e,Tanya301,2025-01-17,17:59:38,-08:00,2025-01-17T17:59:38-08:00,0,0
style.css,86,css,548cf35e,Tanya301,2025-01-17,17:59:38,-08:00,2025-01-17T17:59:38-08:00,0,3
style.css,87,css,548cf35e,Tanya301,2025-01-17,17:59:38,-08:00,2025-01-17T17:59:38-08:00,0,15
style.css,88,css,2d82f7dd,Tanya301,2025-01-17,12:49:47,-08:00,2025-01-17T12:49:47-08:00,0,0
style.css,89,css,548cf35e,Tanya301,2025-01-17,17:59:38,-08:00,2025-01-17T17:59:38-08:00,0,23
style.css,90,css,548cf35e,Tanya301,2025-01-17,17:59:38,-08:00,2025-01-17T17:59:38-08:00,0,16
style.css,91,css,548cf35e,Tanya301,2025-01-17,17:59:38,-08:00,2025-01-17T17:59:38-08:00,0,18
style.css,92,css,0feae0b2,Tanya301,2025-01-31,15:09:20,-08:00,2025-01-31T15:09:20-08:00,0,16
style.css,93,css,8601f11d,Tanya301,2025-01-17,19:36:54,-08:00,2025-01-17T19:36:54-08:00,0,0
style.css,94,css,8601f11d,Tanya301,2025-01-17,19:36:54,-08:00,2025-01-17T19:36:54-08:00,0,0
style.css,95,css,8601f11d,Tanya301,2025-01-17,19:36:54,-08:00,2025-01-17T19:36:54-08:00,0,8
style.css,96,css,8601f11d,Tanya301,2025-01-17,19:36:54,-08:00,2025-01-17T19:36:54-08:00,0,13
style.css,97,css,8fee0dde,Tanya301,2025-01-24,19:50:42,-08:00,2025-01-24T19:50:42-08:00,0,59
style.css,98,css,8601f11d,Tanya301,2025-01-17,19:36:54,-08:00,2025-01-17T19:36:54-08:00,0,9
style.css,99,css,8601f11d,Tanya301,2025-01-17,19:36:54,-08:00,2025-01-17T19:36:54-08:00,0,13
style.css,100,css,8601f11d,Tanya301,2025-01-17,19:36:54,-08:00,2025-01-17T19:36:54-08:00,0,0
style.css,101,css,8601f11d,Tanya301,2025-01-17,19:36:54,-08:00,2025-01-17T19:36:54-08:00,0,16
style.css,102,css,8601f11d,Tanya301,2025-01-17,19:36:54,-08:00,2025-01-17T19:36:54-08:00,0,13
style.css,103,css,53e92c3a,Tanya301,2025-01-24,15:31:40,-08:00,2025-01-24T15:31:40-08:00,0,46
style.css,104,css,8601f11d,Tanya301,2025-01-17,19:36:54,-08:00,2025-01-17T19:36:54-08:00,0,13
style.css,105,css,8601f11d,Tanya301,2025-01-17,19:36:54,-08:00,2025-01-17T19:36:54-08:00,0,0
style.css,106,css,8fee0dde,Tanya301,2025-01-24,19:50:42,-08:00,2025-01-24T19:50:42-08:00,0,14
style.css,107,css,8601f11d,Tanya301,2025-01-17,19:36:54,-08:00,2025-01-17T19:36:54-08:00,0,33
style.css,108,css,8fee0dde,Tanya301,2025-01-24,19:50:42,-08:00,2025-01-24T19:50:42-08:00,0,113
style.css,109,css,8601f11d,Tanya301,2025-01-17,19:36:54,-08:00,2025-01-17T19:36:54-08:00,0,11
style.css,110,css,fda2c795,Tanya301,2025-02-07,15:36:30,-08:00,2025-02-07T15:36:30-08:00,0,17
style.css,111,css,8601f11d,Tanya301,2025-01-17,19:36:54,-08:00,2025-01-17T19:36:54-08:00,0,0
style.css,112,css,8601f11d,Tanya301,2025-01-17,19:36:54,-08:00,2025-01-17T19:36:54-08:00,0,11
style.css,113,css,8601f11d,Tanya301,2025-01-17,19:36:54,-08:00,2025-01-17T19:36:54-08:00,0,26
style.css,114,css,8601f11d,Tanya301,2025-01-17,19:36:54,-08:00,2025-01-17T19:36:54-08:00,0,0
style.css,115,css,8601f11d,Tanya301,2025-01-17,19:36:54,-08:00,2025-01-17T19:36:54-08:00,0,15
style.css,116,css,8601f11d,Tanya301,2025-01-17,19:36:54,-08:00,2025-01-17T19:36:54-08:00,0,19
style.css,117,css,8601f11d,Tanya301,2025-01-17,19:36:54,-08:00,2025-01-17T19:36:54-08:00,0,18
style.css,118,css,53e92c3a,Tanya301,2025-01-24,15:31:40,-08:00,2025-01-24T15:31:40-08:00,0,0
style.css,119,css,53e92c3a,Tanya301,2025-01-24,15:31:40,-08:00,2025-01-24T15:31:40-08:00,0,0
style.css,120,css,53e92c3a,Tanya301,2025-01-24,15:31:40,-08:00,2025-01-24T15:31:40-08:00,0,19
style.css,121,css,53e92c3a,Tanya301,2025-01-24,15:31:40,-08:00,2025-01-24T15:31:40-08:00,0,18
style.css,122,css,53e92c3a,Tanya301,2025-01-24,15:31:40,-08:00,2025-01-24T15:31:40-08:00,0,8
style.css,123,css,53e92c3a,Tanya301,2025-01-24,15:31:40,-08:00,2025-01-24T15:31:40-08:00,0,10
style.css,124,css,53e92c3a,Tanya301,2025-01-24,15:31:40,-08:00,2025-01-24T15:31:40-08:00,0,14
style.css,125,css,0feae0b2,Tanya301,2025-01-31,15:09:20,-08:00,2025-01-31T15:09:20-08:00,0,0
style.css,126,css,0feae0b2,Tanya301,2025-01-31,15:09:20,-08:00,2025-01-31T15:09:20-08:00,0,0
style.css,127,css,0feae0b2,Tanya301,2025-01-31,15:09:20,-08:00,2025-01-31T15:09:20-08:00,0,3
style.css,128,css,0feae0b2,Tanya301,2025-01-31,15:09:20,-08:00,2025-01-31T15:09:20-08:00,0,13
style.css,129,css,0feae0b2,Tanya301,2025-01-31,15:09:20,-08:00,2025-01-31T15:09:20-08:00,0,18
style.css,130,css,0feae0b2,Tanya301,2025-01-31,15:09:20,-08:00,2025-01-31T15:09:20-08:00,0,0
style.css,131,css,0feae0b2,Tanya301,2025-01-31,15:09:20,-08:00,2025-01-31T15:09:20-08:00,0,0
style.css,132,css,0feae0b2,Tanya301,2025-01-31,15:09:20,-08:00,2025-01-31T15:09:20-08:00,0,3
style.css,133,css,eae7f4d9,Tanya301,2025-01-31,18:56:37,-08:00,2025-01-31T18:56:37-08:00,0,11
style.css,134,css,0feae0b2,Tanya301,2025-01-31,15:09:20,-08:00,2025-01-31T15:09:20-08:00,0,15
style.css,135,css,0feae0b2,Tanya301,2025-01-31,15:09:20,-08:00,2025-01-31T15:09:20-08:00,0,17
style.css,136,css,0feae0b2,Tanya301,2025-01-31,15:09:20,-08:00,2025-01-31T15:09:20-08:00,0,11
style.css,137,css,0feae0b2,Tanya301,2025-01-31,15:09:20,-08:00,2025-01-31T15:09:20-08:00,0,25
style.css,138,css,0feae0b2,Tanya301,2025-01-31,15:09:20,-08:00,2025-01-31T15:09:20-08:00,0,0
style.css,139,css,0feae0b2,Tanya301,2025-01-31,15:09:20,-08:00,2025-01-31T15:09:20-08:00,0,0
style.css,140,css,0feae0b2,Tanya301,2025-01-31,15:09:20,-08:00,2025-01-31T15:09:20-08:00,0,3
style.css,141,css,eae7f4d9,Tanya301,2025-01-31,18:56:37,-08:00,2025-01-31T18:56:37-08:00,0,11
style.css,142,css,0feae0b2,Tanya301,2025-01-31,15:09:20,-08:00,2025-01-31T15:09:20-08:00,0,15
style.css,143,css,0feae0b2,Tanya301,2025-01-31,15:09:20,-08:00,2025-01-31T15:09:20-08:00,0,9
style.css,144,css,0feae0b2,Tanya301,2025-01-31,15:09:20,-08:00,2025-01-31T15:09:20-08:00,0,0
style.css,145,css,7ed96a1c,Tanya301,2025-02-06,17:30:13,-08:00,2025-02-06T17:30:13-08:00,0,0
style.css,146,css,7ed96a1c,Tanya301,2025-02-06,17:30:13,-08:00,2025-02-06T17:30:13-08:00,0,19
style.css,147,css,7ed96a1c,Tanya301,2025-02-06,17:30:13,-08:00,2025-02-06T17:30:13-08:00,0,15
style.css,148,css,7ed96a1c,Tanya301,2025-02-06,17:30:13,-08:00,2025-02-06T17:30:13-08:00,0,17
style.css,149,css,7ed96a1c,Tanya301,2025-02-06,17:30:13,-08:00,2025-02-06T17:30:13-08:00,0,17
style.css,150,css,640f95d3,Tanya301,2025-02-06,17:50:15,-08:00,2025-02-06T17:50:15-08:00,0,11
style.css,151,css,7ed96a1c,Tanya301,2025-02-06,17:30:13,-08:00,2025-02-06T17:30:13-08:00,0,0
style.css,152,css,7ed96a1c,Tanya301,2025-02-06,17:30:13,-08:00,2025-02-06T17:30:13-08:00,0,0
style.css,153,css,7ed96a1c,Tanya301,2025-02-06,17:30:13,-08:00,2025-02-06T17:30:13-08:00,0,12
style.css,154,css,7ed96a1c,Tanya301,2025-02-06,17:30:13,-08:00,2025-02-06T17:30:13-08:00,0,21
style.css,155,css,7ed96a1c,Tanya301,2025-02-06,17:30:13,-08:00,2025-02-06T17:30:13-08:00,0,10
style.css,156,css,7ed96a1c,Tanya301,2025-02-06,17:30:13,-08:00,2025-02-06T17:30:13-08:00,0,19
style.css,157,css,7ed96a1c,Tanya301,2025-02-06,17:30:13,-08:00,2025-02-06T17:30:13-08:00,0,30
style.css,158,css,7ed96a1c,Tanya301,2025-02-06,17:30:13,-08:00,2025-02-06T17:30:13-08:00,0,18
style.css,159,css,7ed96a1c,Tanya301,2025-02-06,17:30:13,-08:00,2025-02-06T17:30:13-08:00,0,0
style.css,160,css,7ed96a1c,Tanya301,2025-02-06,17:30:13,-08:00,2025-02-06T17:30:13-08:00,0,0
style.css,161,css,7ed96a1c,Tanya301,2025-02-06,17:30:13,-08:00,2025-02-06T17:30:13-08:00,0,10
style.css,162,css,7ed96a1c,Tanya301,2025-02-06,17:30:13,-08:00,2025-02-06T17:30:13-08:00,0,16
style.css,163,css,7ed96a1c,Tanya301,2025-02-06,17:30:13,-08:00,2025-02-06T17:30:13-08:00,0,13
style.css,164,css,640f95d3,Tanya301,2025-02-06,17:50:15,-08:00,2025-02-06T17:50:15-08:00,0,7
style.css,165,css,7ed96a1c,Tanya301,2025-02-06,17:30:13,-08:00,2025-02-06T17:30:13-08:00,0,58
style.css,166,css,640f95d3,Tanya301,2025-02-06,17:50:15,-08:00,2025-02-06T17:50:15-08:00,0,8
style.css,167,css,7ed96a1c,Tanya301,2025-02-06,17:30:13,-08:00,2025-02-06T17:30:13-08:00,0,12
style.css,168,css,7ed96a1c,Tanya301,2025-02-06,17:30:13,-08:00,2025-02-06T17:30:13-08:00,0,11
style.css,169,css,fda2c795,Tanya301,2025-02-07,15:36:30,-08:00,2025-02-07T15:36:30-08:00,0,22
style.css,170,css,7ed96a1c,Tanya301,2025-02-06,17:30:13,-08:00,2025-02-06T17:30:13-08:00,0,0
style.css,171,css,7ed96a1c,Tanya301,2025-02-06,17:30:13,-08:00,2025-02-06T17:30:13-08:00,0,0
style.css,172,css,7ed96a1c,Tanya301,2025-02-06,17:30:13,-08:00,2025-02-06T17:30:13-08:00,0,6
style.css,173,css,fda2c795,Tanya301,2025-02-07,15:36:30,-08:00,2025-02-07T15:36:30-08:00,0,11
style.css,174,css,640f95d3,Tanya301,2025-02-06,17:50:15,-08:00,2025-02-06T17:50:15-08:00,0,0
style.css,175,css,640f95d3,Tanya301,2025-02-06,17:50:15,-08:00,2025-02-06T17:50:15-08:00,0,0
style.css,176,css,640f95d3,Tanya301,2025-02-06,17:50:15,-08:00,2025-02-06T17:50:15-08:00,0,14
style.css,177,css,640f95d3,Tanya301,2025-02-06,17:50:15,-08:00,2025-02-06T17:50:15-08:00,0,13
style.css,178,css,640f95d3,Tanya301,2025-02-06,17:50:15,-08:00,2025-02-06T17:50:15-08:00,0,19
style.css,179,css,fda2c795,Tanya301,2025-02-07,15:36:30,-08:00,2025-02-07T15:36:30-08:00,0,0
style.css,180,css,fda2c795,Tanya301,2025-02-07,15:36:30,-08:00,2025-02-07T15:36:30-08:00,0,0
style.css,181,css,fda2c795,Tanya301,2025-02-07,15:36:30,-08:00,2025-02-07T15:36:30-08:00,0,24
style.css,182,css,fda2c795,Tanya301,2025-02-07,15:36:30,-08:00,2025-02-07T15:36:30-08:00,0,13
style.css,183,css,fda2c795,Tanya301,2025-02-07,15:36:30,-08:00,2025-02-07T15:36:30-08:00,0,57
style.css,184,css,fda2c795,Tanya301,2025-02-07,15:36:30,-08:00,2025-02-07T15:36:30-08:00,0,3
style.css,185,css,fda2c795,Tanya301,2025-02-07,15:36:30,-08:00,2025-02-07T15:36:30-08:00,0,0
style.css,186,css,fda2c795,Tanya301,2025-02-07,15:36:30,-08:00,2025-02-07T15:36:30-08:00,0,16
style.css,187,css,fda2c795,Tanya301,2025-02-07,15:36:30,-08:00,2025-02-07T15:36:30-08:00,0,16
style.css,188,css,fda2c795,Tanya301,2025-02-07,15:36:30,-08:00,2025-02-07T15:36:30-08:00,0,19
style.css,189,css,fda2c795,Tanya301,2025-02-07,15:36:30,-08:00,2025-02-07T15:36:30-08:00,0,11
style.css,190,css,fda2c795,Tanya301,2025-02-07,15:36:30,-08:00,2025-02-07T15:36:30-08:00,0,18
style.css,191,css,fda2c795,Tanya301,2025-02-07,15:36:30,-08:00,2025-02-07T15:36:30-08:00,0,15
style.css,192,css,fda2c795,Tanya301,2025-02-07,15:36:30,-08:00,2025-02-07T15:36:30-08:00,0,22
style.css,193,css,fda2c795,Tanya301,2025-02-07,15:36:30,-08:00,2025-02-07T15:36:30-08:00,0,13
style.css,194,css,fda2c795,Tanya301,2025-02-07,15:36:30,-08:00,2025-02-07T15:36:30-08:00,0,0
style.css,195,css,fda2c795,Tanya301,2025-02-07,15:36:30,-08:00,2025-02-07T15:36:30-08:00,0,0
style.css,196,css,fda2c795,Tanya301,2025-02-07,15:36:30,-08:00,2025-02-07T15:36:30-08:00,0,22
style.css,197,css,fda2c795,Tanya301,2025-02-07,15:36:30,-08:00,2025-02-07T15:36:30-08:00,0,33
style.css,198,css,fda2c795,Tanya301,2025-02-07,15:36:30,-08:00,2025-02-07T15:36:30-08:00,0,39
style.css,199,css,fda2c795,Tanya301,2025-02-07,15:36:30,-08:00,2025-02-07T15:36:30-08:00,0,17
style.css,200,css,fda2c795,Tanya301,2025-02-07,15:36:30,-08:00,2025-02-07T15:36:30-08:00,0,0
style.css,201,css,fda2c795,Tanya301,2025-02-07,15:36:30,-08:00,2025-02-07T15:36:30-08:00,0,0
style.css,202,css,fda2c795,Tanya301,2025-02-07,15:36:30,-08:00,2025-02-07T15:36:30-08:00,0,18
style.css,203,css,fda2c795,Tanya301,2025-02-07,15:36:30,-08:00,2025-02-07T15:36:30-08:00,0,17
style.css,204,css,fda2c795,Tanya301,2025-02-07,15:36:30,-08:00,2025-02-07T15:36:30-08:00,0,12
style.css,205,css,fda2c795,Tanya301,2025-02-07,15:36:30,-08:00,2025-02-07T15:36:30-08:00,0,0
style.css,206,css,fda2c795,Tanya301,2025-02-07,15:36:30,-08:00,2025-02-07T15:36:30-08:00,0,0
style.css,207,css,fda2c795,Tanya301,2025-02-07,15:36:30,-08:00,2025-02-07T15:36:30-08:00,0,0
style.css,208,css,fda2c795,Tanya301,2025-02-07,15:36:30,-08:00,2025-02-07T15:36:30-08:00,0,5
style.css,209,css,fda2c795,Tanya301,2025-02-07,15:36:30,-08:00,2025-02-07T15:36:30-08:00,0,17
style.css,210,css,fda2c795,Tanya301,2025-02-07,15:36:30,-08:00,2025-02-07T15:36:30-08:00,0,0
style.css,211,css,fda2c795,Tanya301,2025-02-07,15:36:30,-08:00,2025-02-07T15:36:30-08:00,0,0
style.css,212,css,fda2c795,Tanya301,2025-02-07,15:36:30,-08:00,2025-02-07T15:36:30-08:00,0,10
style.css,213,css,fda2c795,Tanya301,2025-02-07,15:36:30,-08:00,2025-02-07T15:36:30-08:00,0,39
style.css,214,css,fda2c795,Tanya301,2025-02-07,15:36:30,-08:00,2025-02-07T15:36:30-08:00,0,0
style.css,215,css,fda2c795,Tanya301,2025-02-07,15:36:30,-08:00,2025-02-07T15:36:30-08:00,0,11
style.css,216,css,fda2c795,Tanya301,2025-02-07,15:36:30,-08:00,2025-02-07T15:36:30-08:00,0,18
style.css,217,css,fda2c795,Tanya301,2025-02-07,15:36:30,-08:00,2025-02-07T15:36:30-08:00,0,0
style.css,218,css,fda2c795,Tanya301,2025-02-07,15:36:30,-08:00,2025-02-07T15:36:30-08:00,0,0
style.css,219,css,fda2c795,Tanya301,2025-02-07,15:36:30,-08:00,2025-02-07T15:36:30-08:00,0,13
style.css,220,css,fda2c795,Tanya301,2025-02-07,15:36:30,-08:00,2025-02-07T15:36:30-08:00,0,36
style.css,221,css,fda2c795,Tanya301,2025-02-07,15:36:30,-08:00,2025-02-07T15:36:30-08:00,0,3
style.css,222,css,fda2c795,Tanya301,2025-02-07,15:36:30,-08:00,2025-02-07T15:36:30-08:00,0,0
style.css,223,css,fda2c795,Tanya301,2025-02-07,15:36:30,-08:00,2025-02-07T15:36:30-08:00,0,5
style.css,224,css,fda2c795,Tanya301,2025-02-07,15:36:30,-08:00,2025-02-07T15:36:30-08:00,0,15
style.css,225,css,fda2c795,Tanya301,2025-02-07,15:36:30,-08:00,2025-02-07T15:36:30-08:00,0,0
style.css,226,css,fda2c795,Tanya301,2025-02-07,15:36:30,-08:00,2025-02-07T15:36:30-08:00,0,0
index.js,1,js,302a5326,Tanya301,2025-01-31,15:11:07,-08:00,2025-01-31T15:11:07-08:00,0,72
index.js,2,js,302a5326,Tanya301,2025-01-31,15:11:07,-08:00,2025-01-31T15:11:07-08:00,0,0
index.js,3,js,302a5326,Tanya301,2025-01-31,15:11:07,-08:00,2025-01-31T15:11:07-08:00,0,55
index.js,4,js,b99436c8,Tanya301,2025-01-31,18:45:01,-08:00,2025-01-31T18:45:01-08:00,0,46
index.js,5,js,b99436c8,Tanya301,2025-01-31,18:45:01,-08:00,2025-01-31T18:45:01-08:00,0,30
index.js,6,js,ac87ab79,Tanya301,2025-02-12,11:29:11,-08:00,2025-02-12T11:29:11-08:00,0,31
index.js,7,js,ac87ab79,Tanya301,2025-02-12,11:29:11,-08:00,2025-02-12T11:29:11-08:00,0,12
index.js,8,js,302a5326,Tanya301,2025-01-31,15:11:07,-08:00,2025-01-31T15:11:07-08:00,0,0
index.js,9,js,302a5326,Tanya301,2025-01-31,15:11:07,-08:00,2025-01-31T15:11:07-08:00,0,61
index.js,10,js,302a5326,Tanya301,2025-01-31,15:11:07,-08:00,2025-01-31T15:11:07-08:00,0,0
index.js,11,js,302a5326,Tanya301,2025-01-31,15:11:07,-08:00,2025-01-31T15:11:07-08:00,0,55
index.js,12,js,302a5326,Tanya301,2025-01-31,15:11:07,-08:00,2025-01-31T15:11:07-08:00,0,0
index.js,13,js,302a5326,Tanya301,2025-01-31,15:11:07,-08:00,2025-01-31T15:11:07-08:00,0,52
index.js,14,js,302a5326,Tanya301,2025-01-31,15:11:07,-08:00,2025-01-31T15:11:07-08:00,0,0
index.js,15,js,302a5326,Tanya301,2025-01-31,15:11:07,-08:00,2025-01-31T15:11:07-08:00,0,61
index.js,16,js,302a5326,Tanya301,2025-01-31,15:11:07,-08:00,2025-01-31T15:11:07-08:00,0,0
index.js,17,js,302a5326,Tanya301,2025-01-31,15:11:07,-08:00,2025-01-31T15:11:07-08:00,0,18
index.js,18,js,302a5326,Tanya301,2025-01-31,15:11:07,-08:00,2025-01-31T15:11:07-08:00,0,25
index.js,19,js,ac87ab79,Tanya301,2025-02-12,11:29:11,-08:00,2025-02-12T11:29:11-08:00,0,3
index.js,20,js,302a5326,Tanya301,2025-01-31,15:11:07,-08:00,2025-01-31T15:11:07-08:00,0,56
index.js,21,js,302a5326,Tanya301,2025-01-31,15:11:07,-08:00,2025-01-31T15:11:07-08:00,0,56
index.js,22,js,302a5326,Tanya301,2025-01-31,15:11:07,-08:00,2025-01-31T15:11:07-08:00,0,50
index.js,23,js,302a5326,Tanya301,2025-01-31,15:11:07,-08:00,2025-01-31T15:11:07-08:00,0,50
index.js,24,js,ac87ab79,Tanya301,2025-02-12,11:29:11,-08:00,2025-02-12T11:29:11-08:00,0,4
index.js,25,js,302a5326,Tanya301,2025-01-31,15:11:07,-08:00,2025-01-31T15:11:07-08:00,0,0
index.js,26,js,302a5326,Tanya301,2025-01-31,15:11:07,-08:00,2025-01-31T15:11:07-08:00,0,0
index.html,1,html,0e945ad1,Tanya301,2025-01-10,11:16:20,-08:00,2025-01-10T11:16:20-08:00,0,14
index.html,2,html,762513d0,Tanya301,2025-01-24,12:43:31,-08:00,2025-01-24T12:43:31-08:00,0,28
index.html,3,html,0e945ad1,Tanya301,2025-01-10,11:16:20,-08:00,2025-01-10T11:16:20-08:00,0,5
index.html,4,html,0e945ad1,Tanya301,2025-01-10,11:16:20,-08:00,2025-01-10T11:16:20-08:00,0,21
index.html,5,html,0e945ad1,Tanya301,2025-01-10,11:16:20,-08:00,2025-01-10T11:16:20-08:00,0,69
index.html,6,html,0e945ad1,Tanya301,2025-01-10,11:16:20,-08:00,2025-01-10T11:16:20-08:00,0,63
index.html,7,html,2624615d,Tanya301,2025-01-10,11:28:27,-08:00,2025-01-10T11:28:27-08:00,0,39
index.html,8,html,6d3a18ef,Tanya301,2025-01-24,11:21:10,-08:00,2025-01-24T11:21:10-08:00,0,46
index.html,9,html,0204bd8f,Tanya301,2025-01-31,12:50:32,-08:00,2025-01-31T12:50:32-08:00,0,51
index.html,10,html,0204bd8f,Tanya301,2025-01-31,12:50:32,-08:00,2025-01-31T12:50:32-08:00,0,0
index.html,11,html,0e945ad1,Tanya301,2025-01-10,11:16:20,-08:00,2025-01-10T11:16:20-08:00,0,6
index.html,12,html,0e945ad1,Tanya301,2025-01-10,11:16:20,-08:00,2025-01-10T11:16:20-08:00,0,5
index.html,13,html,0e945ad1,Tanya301,2025-01-10,11:16:20,-08:00,2025-01-10T11:16:20-08:00,0,28
index.html,14,html,9ef55947,Tanya301,2025-01-17,11:46:29,-08:00,2025-01-17T11:46:29-08:00,0,213
index.html,15,html,84218289,Tanya301,2025-01-10,19:19:01,-08:00,2025-01-10T19:19:01-08:00,0,66
index.html,16,html,554f0b00,Tanya301,2025-01-17,19:43:07,-08:00,2025-01-17T19:43:07-08:00,0,117
index.html,17,html,0feae0b2,Tanya301,2025-01-31,15:09:20,-08:00,2025-01-31T15:09:20-08:00,0,58
index.html,18,html,0feae0b2,Tanya301,2025-01-31,15:09:20,-08:00,2025-01-31T15:09:20-08:00,0,29
index.html,19,html,0204bd8f,Tanya301,2025-01-31,12:50:32,-08:00,2025-01-31T12:50:32-08:00,0,58
index.html,20,html,0feae0b2,Tanya301,2025-01-31,15:09:20,-08:00,2025-01-31T15:09:20-08:00,0,27
index.html,21,html,0e945ad1,Tanya301,2025-01-10,11:16:20,-08:00,2025-01-10T11:16:20-08:00,0,6
index.html,22,html,0e945ad1,Tanya301,2025-01-10,11:16:20,-08:00,2025-01-10T11:16:20-08:00,0,6
global.js,1,js,6d3a18ef,Tanya301,2025-01-24,11:21:10,-08:00,2025-01-24T11:21:10-08:00,0,26
global.js,2,js,6d3a18ef,Tanya301,2025-01-24,11:21:10,-08:00,2025-01-24T11:21:10-08:00,0,0
global.js,3,js,6d3a18ef,Tanya301,2025-01-24,11:21:10,-08:00,2025-01-24T11:21:10-08:00,0,42
global.js,4,js,6d3a18ef,Tanya301,2025-01-24,11:21:10,-08:00,2025-01-24T11:21:10-08:00,0,53
global.js,5,js,762513d0,Tanya301,2025-01-24,12:43:31,-08:00,2025-01-24T12:43:31-08:00,0,0
global.js,6,js,762513d0,Tanya301,2025-01-24,12:43:31,-08:00,2025-01-24T12:43:31-08:00,0,0
global.js,7,js,9373f228,Tanya301,2025-01-24,20:45:39,-08:00,2025-01-24T20:45:39-08:00,0,27
global.js,8,js,762513d0,Tanya301,2025-01-24,12:43:31,-08:00,2025-01-24T12:43:31-08:00,0,71
global.js,9,js,762513d0,Tanya301,2025-01-24,12:43:31,-08:00,2025-01-24T12:43:31-08:00,0,0
global.js,10,js,762513d0,Tanya301,2025-01-24,12:43:31,-08:00,2025-01-24T12:43:31-08:00,0,12
global.js,11,js,ac87ab79,Tanya301,2025-02-12,11:29:11,-08:00,2025-02-12T11:29:11-08:00,0,26
global.js,12,js,ac87ab79,Tanya301,2025-02-12,11:29:11,-08:00,2025-02-12T11:29:11-08:00,0,37
global.js,13,js,ac87ab79,Tanya301,2025-02-12,11:29:11,-08:00,2025-02-12T11:29:11-08:00,0,39
global.js,14,js,ac87ab79,Tanya301,2025-02-12,11:29:11,-08:00,2025-02-12T11:29:11-08:00,0,35
global.js,15,js,ac87ab79,Tanya301,2025-02-12,11:29:11,-08:00,2025-02-12T11:29:11-08:00,0,31
global.js,16,js,ac87ab79,Tanya301,2025-02-12,11:29:11,-08:00,2025-02-12T11:29:11-08:00,0,57
global.js,17,js,762513d0,Tanya301,2025-01-24,12:43:31,-08:00,2025-01-24T12:43:31-08:00,0,1
global.js,18,js,762513d0,Tanya301,2025-01-24,12:43:31,-08:00,2025-01-24T12:43:31-08:00,0,0
global.js,19,js,762513d0,Tanya301,2025-01-24,12:43:31,-08:00,2025-01-24T12:43:31-08:00,0,39
global.js,20,js,762513d0,Tanya301,2025-01-24,12:43:31,-08:00,2025-01-24T12:43:31-08:00,0,26
global.js,21,js,762513d0,Tanya301,2025-01-24,12:43:31,-08:00,2025-01-24T12:43:31-08:00,0,0
global.js,22,js,762513d0,Tanya301,2025-01-24,12:43:31,-08:00,2025-01-24T12:43:31-08:00,0,21
global.js,23,js,ac87ab79,Tanya301,2025-02-12,11:29:11,-08:00,2025-02-12T11:29:11-08:00,0,15
global.js,24,js,ac87ab79,Tanya301,2025-02-12,11:29:11,-08:00,2025-02-12T11:29:11-08:00,0,19
global.js,25,js,ac87ab79,Tanya301,2025-02-12,11:29:11,-08:00,2025-02-12T11:29:11-08:00,0,31
global.js,26,js,ac87ab79,Tanya301,2025-02-12,11:29:11,-08:00,2025-02-12T11:29:11-08:00,0,45
global.js,27,js,ac87ab79,Tanya301,2025-02-12,11:29:11,-08:00,2025-02-12T11:29:11-08:00,0,17
global.js,28,js,ac87ab79,Tanya301,2025-02-12,11:29:11,-08:00,2025-02-12T11:29:11-08:00,0,0
global.js,29,js,ac87ab79,Tanya301,2025-02-12,11:29:11,-08:00,2025-02-12T11:29:11-08:00,0,35
global.js,30,js,ac87ab79,Tanya301,2025-02-12,11:29:11,-08:00,2025-02-12T11:29:11-08:00,0,12
global.js,31,js,ac87ab79,Tanya301,2025-02-12,11:29:11,-08:00,2025-02-12T11:29:11-08:00,0,21
global.js,32,js,ac87ab79,Tanya301,2025-02-12,11:29:11,-08:00,2025-02-12T11:29:11-08:00,0,30
global.js,33,js,ac87ab79,Tanya301,2025-02-12,11:29:11,-08:00,2025-02-12T11:29:11-08:00,0,19
global.js,34,js,ac87ab79,Tanya301,2025-02-12,11:29:11,-08:00,2025-02-12T11:29:11-08:00,0,0
global.js,35,js,ac87ab79,Tanya301,2025-02-12,11:29:11,-08:00,2025-02-12T11:29:11-08:00,0,66
global.js,36,js,ac87ab79,Tanya301,2025-02-12,11:29:11,-08:00,2025-02-12T11:29:11-08:00,0,26
global.js,37,js,ac87ab79,Tanya301,2025-02-12,11:29:11,-08:00,2025-02-12T11:29:11-08:00,0,0
global.js,38,js,ac87ab79,Tanya301,2025-02-12,11:29:11,-08:00,2025-02-12T11:29:11-08:00,0,13
global.js,39,js,53e92c3a,Tanya301,2025-01-24,15:31:40,-08:00,2025-01-24T15:31:40-08:00,0,0
global.js,40,js,53e92c3a,Tanya301,2025-01-24,15:31:40,-08:00,2025-01-24T15:31:40-08:00,0,0
global.js,41,js,9373f228,Tanya301,2025-01-24,20:45:39,-08:00,2025-01-24T20:45:39-08:00,0,33
global.js,42,js,53e92c3a,Tanya301,2025-01-24,15:31:40,-08:00,2025-01-24T15:31:40-08:00,0,32
global.js,43,js,53e92c3a,Tanya301,2025-01-24,15:31:40,-08:00,2025-01-24T15:31:40-08:00,0,12
global.js,44,js,53e92c3a,Tanya301,2025-01-24,15:31:40,-08:00,2025-01-24T15:31:40-08:00,0,0
global.js,45,js,53e92c3a,Tanya301,2025-01-24,15:31:40,-08:00,2025-01-24T15:31:40-08:00,1,27
global.js,46,js,53e92c3a,Tanya301,2025-01-24,15:31:40,-08:00,2025-01-24T15:31:40-08:00,2,5
global.js,47,js,53e92c3a,Tanya301,2025-01-24,15:31:40,-08:00,2025-01-24T15:31:40-08:00,2,7
global.js,48,js,ac87ab79,Tanya301,2025-02-12,11:29:11,-08:00,2025-02-12T11:29:11-08:00,0,41
global.js,49,js,ac87ab79,Tanya301,2025-02-12,11:29:11,-08:00,2025-02-12T11:29:11-08:00,0,35
global.js,50,js,ac87ab79,Tanya301,2025-02-12,11:29:11,-08:00,2025-02-12T11:29:11-08:00,0,33
global.js,51,js,53e92c3a,Tanya301,2025-01-24,15:31:40,-08:00,2025-01-24T15:31:40-08:00,2,8
global.js,52,js,53e92c3a,Tanya301,2025-01-24,15:31:40,-08:00,2025-01-24T15:31:40-08:00,1,8
global.js,53,js,53e92c3a,Tanya301,2025-01-24,15:31:40,-08:00,2025-01-24T15:31:40-08:00,0,1
global.js,54,js,53e92c3a,Tanya301,2025-01-24,15:31:40,-08:00,2025-01-24T15:31:40-08:00,0,61
global.js,55,js,53e92c3a,Tanya301,2025-01-24,15:31:40,-08:00,2025-01-24T15:31:40-08:00,0,0
global.js,56,js,53e92c3a,Tanya301,2025-01-24,15:31:40,-08:00,2025-01-24T15:31:40-08:00,0,35
global.js,57,js,ac87ab79,Tanya301,2025-02-12,11:29:11,-08:00,2025-02-12T11:29:11-08:00,0,39
global.js,58,js,ac87ab79,Tanya301,2025-02-12,11:29:11,-08:00,2025-02-12T11:29:11-08:00,0,39
global.js,59,js,53e92c3a,Tanya301,2025-01-24,15:31:40,-08:00,2025-01-24T15:31:40-08:00,0,0
global.js,60,js,53e92c3a,Tanya301,2025-01-24,15:31:40,-08:00,2025-01-24T15:31:40-08:00,0,0
global.js,61,js,53e92c3a,Tanya301,2025-01-24,15:31:40,-08:00,2025-01-24T15:31:40-08:00,0,50
global.js,62,js,ac87ab79,Tanya301,2025-02-12,11:29:11,-08:00,2025-02-12T11:29:11-08:00,0,58
global.js,63,js,ac87ab79,Tanya301,2025-02-12,11:29:11,-08:00,2025-02-12T11:29:11-08:00,0,44
global.js,64,js,ac87ab79,Tanya301,2025-02-12,11:29:11,-08:00,2025-02-12T11:29:11-08:00,0,39
global.js,65,js,53e92c3a,Tanya301,2025-01-24,15:31:40,-08:00,2025-01-24T15:31:40-08:00,0,2
global.js,66,js,53e92c3a,Tanya301,2025-01-24,15:31:40,-08:00,2025-01-24T15:31:40-08:00,0,0
global.js,67,js,8fee0dde,Tanya301,2025-01-24,19:50:42,-08:00,2025-01-24T19:50:42-08:00,0,37
global.js,68,js,ac87ab79,Tanya301,2025-02-12,11:29:11,-08:00,2025-02-12T11:29:11-08:00,0,71
global.js,69,js,53e92c3a,Tanya301,2025-01-24,15:31:40,-08:00,2025-01-24T15:31:40-08:00,0,0
global.js,70,js,9373f228,Tanya301,2025-01-24,20:45:39,-08:00,2025-01-24T20:45:39-08:00,0,0
global.js,71,js,9373f228,Tanya301,2025-01-24,20:45:39,-08:00,2025-01-24T20:45:39-08:00,0,29
global.js,72,js,9373f228,Tanya301,2025-01-24,20:45:39,-08:00,2025-01-24T20:45:39-08:00,0,52
global.js,73,js,9373f228,Tanya301,2025-01-24,20:45:39,-08:00,2025-01-24T20:45:39-08:00,0,0
global.js,74,js,9373f228,Tanya301,2025-01-24,20:45:39,-08:00,2025-01-24T20:45:39-08:00,0,50
global.js,75,js,ac87ab79,Tanya301,2025-02-12,11:29:11,-08:00,2025-02-12T11:29:11-08:00,0,22
global.js,76,js,ac87ab79,Tanya301,2025-02-12,11:29:11,-08:00,2025-02-12T11:29:11-08:00,0,31
global.js,77,js,ac87ab79,Tanya301,2025-02-12,11:29:11,-08:00,2025-02-12T11:29:11-08:00,0,27
global.js,78,js,ac87ab79,Tanya301,2025-02-12,11:29:11,-08:00,2025-02-12T11:29:11-08:00,0,32
global.js,79,js,ac87ab79,Tanya301,2025-02-12,11:29:11,-08:00,2025-02-12T11:29:11-08:00,0,27
global.js,80,js,ac87ab79,Tanya301,2025-02-12,11:29:11,-08:00,2025-02-12T11:29:11-08:00,0,10
global.js,81,js,ac87ab79,Tanya301,2025-02-12,11:29:11,-08:00,2025-02-12T11:29:11-08:00,0,0
global.js,82,js,ac87ab79,Tanya301,2025-02-12,11:29:11,-08:00,2025-02-12T11:29:11-08:00,0,65
global.js,83,js,9373f228,Tanya301,2025-01-24,20:45:39,-08:00,2025-01-24T20:45:39-08:00,0,0
global.js,84,js,ac87ab79,Tanya301,2025-02-12,11:29:11,-08:00,2025-02-12T11:29:11-08:00,0,19
global.js,85,js,4967904c,Tanya301,2025-01-31,11:38:48,-08:00,2025-01-31T11:38:48-08:00,0,2
global.js,86,js,4967904c,Tanya301,2025-01-31,11:38:48,-08:00,2025-01-31T11:38:48-08:00,0,0
global.js,87,js,4967904c,Tanya301,2025-01-31,11:38:48,-08:00,2025-01-31T11:38:48-08:00,0,25
global.js,88,js,4967904c,Tanya301,2025-01-31,11:38:48,-08:00,2025-01-31T11:38:48-08:00,0,37
global.js,89,js,ac87ab79,Tanya301,2025-02-12,11:29:11,-08:00,2025-02-12T11:29:11-08:00,0,4
global.js,90,js,ac87ab79,Tanya301,2025-02-12,11:29:11,-08:00,2025-02-12T11:29:11-08:00,0,40
global.js,91,js,ac87ab79,Tanya301,2025-02-12,11:29:11,-08:00,2025-02-12T11:29:11-08:00,0,33
global.js,92,js,4967904c,Tanya301,2025-01-31,11:38:48,-08:00,2025-01-31T11:38:48-08:00,0,0
global.js,93,js,ac87ab79,Tanya301,2025-02-12,11:29:11,-08:00,2025-02-12T11:29:11-08:00,0,18
global.js,94,js,ac87ab79,Tanya301,2025-02-12,11:29:11,-08:00,2025-02-12T11:29:11-08:00,0,67
global.js,95,js,ac87ab79,Tanya301,2025-02-12,11:29:11,-08:00,2025-02-12T11:29:11-08:00,0,0
global.js,96,js,4967904c,Tanya301,2025-01-31,11:38:48,-08:00,2025-01-31T11:38:48-08:00,0,0
global.js,97,js,ac87ab79,Tanya301,2025-02-12,11:29:11,-08:00,2025-02-12T11:29:11-08:00,0,34
global.js,98,js,ac87ab79,Tanya301,2025-02-12,11:29:11,-08:00,2025-02-12T11:29:11-08:00,0,10
global.js,99,js,4967904c,Tanya301,2025-01-31,11:38:48,-08:00,2025-01-31T11:38:48-08:00,0,0
global.js,100,js,ac87ab79,Tanya301,2025-02-12,11:29:11,-08:00,2025-02-12T11:29:11-08:00,0,16
global.js,101,js,ac87ab79,Tanya301,2025-02-12,11:29:11,-08:00,2025-02-12T11:29:11-08:00,0,60
global.js,102,js,ac87ab79,Tanya301,2025-02-12,11:29:11,-08:00,2025-02-12T11:29:11-08:00,0,0
global.js,103,js,4967904c,Tanya301,2025-01-31,11:38:48,-08:00,2025-01-31T11:38:48-08:00,0,0
global.js,104,js,4967904c,Tanya301,2025-01-31,11:38:48,-08:00,2025-01-31T11:38:48-08:00,0,0
global.js,105,js,4967904c,Tanya301,2025-01-31,11:38:48,-08:00,2025-01-31T11:38:48-08:00,0,80
global.js,106,js,ac87ab79,Tanya301,2025-02-12,11:29:11,-08:00,2025-02-12T11:29:11-08:00,0,40
global.js,107,js,ac87ab79,Tanya301,2025-02-12,11:29:11,-08:00,2025-02-12T11:29:11-08:00,0,31
global.js,108,js,ac87ab79,Tanya301,2025-02-12,11:29:11,-08:00,2025-02-12T11:29:11-08:00,0,30
global.js,109,js,ac87ab79,Tanya301,2025-02-12,11:29:11,-08:00,2025-02-12T11:29:11-08:00,0,49
global.js,110,js,ac87ab79,Tanya301,2025-02-12,11:29:11,-08:00,2025-02-12T11:29:11-08:00,0,0
global.js,111,js,ac87ab79,Tanya301,2025-02-12,11:29:11,-08:00,2025-02-12T11:29:11-08:00,0,52
global.js,112,js,ac87ab79,Tanya301,2025-02-12,11:29:11,-08:00,2025-02-12T11:29:11-08:00,0,35
global.js,113,js,ac87ab79,Tanya301,2025-02-12,11:29:11,-08:00,2025-02-12T11:29:11-08:00,0,0
global.js,114,js,ac87ab79,Tanya301,2025-02-12,11:29:11,-08:00,2025-02-12T11:29:11-08:00,0,40
global.js,115,js,ac87ab79,Tanya301,2025-02-12,11:29:11,-08:00,2025-02-12T11:29:11-08:00,0,30
global.js,116,js,ac87ab79,Tanya301,2025-02-12,11:29:11,-08:00,2025-02-12T11:29:11-08:00,0,0
global.js,117,js,ac87ab79,Tanya301,2025-02-12,11:29:11,-08:00,2025-02-12T11:29:11-08:00,0,44
global.js,118,js,ac87ab79,Tanya301,2025-02-12,11:29:11,-08:00,2025-02-12T11:29:11-08:00,0,26
global.js,119,js,ac87ab79,Tanya301,2025-02-12,11:29:11,-08:00,2025-02-12T11:29:11-08:00,0,26
global.js,120,js,ac87ab79,Tanya301,2025-02-12,11:29:11,-08:00,2025-02-12T11:29:11-08:00,0,0
global.js,121,js,ac87ab79,Tanya301,2025-02-12,11:29:11,-08:00,2025-02-12T11:29:11-08:00,0,45
global.js,122,js,ac87ab79,Tanya301,2025-02-12,11:29:11,-08:00,2025-02-12T11:29:11-08:00,0,43
global.js,123,js,ac87ab79,Tanya301,2025-02-12,11:29:11,-08:00,2025-02-12T11:29:11-08:00,0,0
global.js,124,js,ac87ab79,Tanya301,2025-02-12,11:29:11,-08:00,2025-02-12T11:29:11-08:00,0,28
global.js,125,js,ac87ab79,Tanya301,2025-02-12,11:29:11,-08:00,2025-02-12T11:29:11-08:00,0,24
global.js,126,js,ac87ab79,Tanya301,2025-02-12,11:29:11,-08:00,2025-02-12T11:29:11-08:00,0,27
global.js,127,js,ac87ab79,Tanya301,2025-02-12,11:29:11,-08:00,2025-02-12T11:29:11-08:00,0,30
global.js,128,js,ac87ab79,Tanya301,2025-02-12,11:29:11,-08:00,2025-02-12T11:29:11-08:00,0,0
global.js,129,js,ac87ab79,Tanya301,2025-02-12,11:29:11,-08:00,2025-02-12T11:29:11-08:00,0,37
global.js,130,js,ac87ab79,Tanya301,2025-02-12,11:29:11,-08:00,2025-02-12T11:29:11-08:00,0,0
global.js,131,js,4967904c,Tanya301,2025-01-31,11:38:48,-08:00,2025-01-31T11:38:48-08:00,0,0
global.js,132,js,4967904c,Tanya301,2025-01-31,11:38:48,-08:00,2025-01-31T11:38:48-08:00,0,0
global.js,133,js,0204bd8f,Tanya301,2025-01-31,12:50:32,-08:00,2025-01-31T12:50:32-08:00,0,23
global.js,134,js,0204bd8f,Tanya301,2025-01-31,12:50:32,-08:00,2025-01-31T12:50:32-08:00,0,48
global.js,135,js,ac87ab79,Tanya301,2025-02-12,11:29:11,-08:00,2025-02-12T11:29:11-08:00,0,60
global.js,136,js,0204bd8f,Tanya301,2025-01-31,12:50:32,-08:00,2025-01-31T12:50:32-08:00,0,0
resume/index.html,1,html,84218289,Tanya301,2025-01-10,19:19:01,-08:00,2025-01-10T19:19:01-08:00,0,14
resume/index.html,2,html,84218289,Tanya301,2025-01-10,19:19:01,-08:00,2025-01-10T19:19:01-08:00,0,15
resume/index.html,3,html,84218289,Tanya301,2025-01-10,19:19:01,-08:00,2025-01-10T19:19:01-08:00,0,5
resume/index.html,4,html,84218289,Tanya301,2025-01-10,19:19:01,-08:00,2025-01-10T19:19:01-08:00,0,21
resume/index.html,5,html,84218289,Tanya301,2025-01-10,19:19:01,-08:00,2025-01-10T19:19:01-08:00,0,69
resume/index.html,6,html,84218289,Tanya301,2025-01-10,19:19:01,-08:00,2025-01-10T19:19:01-08:00,0,20
resume/index.html,7,html,84218289,Tanya301,2025-01-10,19:19:01,-08:00,2025-01-10T19:19:01-08:00,0,42
resume/index.html,8,html,6d3a18ef,Tanya301,2025-01-24,11:21:10,-08:00,2025-01-24T11:21:10-08:00,0,49
resume/index.html,9,html,84218289,Tanya301,2025-01-10,19:19:01,-08:00,2025-01-10T19:19:01-08:00,0,6
resume/index.html,10,html,84218289,Tanya301,2025-01-10,19:19:01,-08:00,2025-01-10T19:19:01-08:00,0,5
resume/index.html,11,html,84218289,Tanya301,2025-01-10,19:19:01,-08:00,2025-01-10T19:19:01-08:00,0,7
resume/index.html,12,html,84218289,Tanya301,2025-01-10,19:19:01,-08:00,2025-01-10T19:19:01-08:00,0,28
resume/index.html,13,html,84218289,Tanya301,2025-01-10,19:19:01,-08:00,2025-01-10T19:19:01-08:00,0,8
resume/index.html,14,html,84218289,Tanya301,2025-01-10,19:19:01,-08:00,2025-01-10T19:19:01-08:00,0,0
resume/index.html,15,html,84218289,Tanya301,2025-01-10,19:19:01,-08:00,2025-01-10T19:19:01-08:00,0,8
resume/index.html,16,html,84218289,Tanya301,2025-01-10,19:19:01,-08:00,2025-01-10T19:19:01-08:00,0,7
resume/index.html,17,html,84218289,Tanya301,2025-01-10,19:19:01,-08:00,2025-01-10T19:19:01-08:00,0,15
resume/index.html,18,html,84218289,Tanya301,2025-01-10,19:19:01,-08:00,2025-01-10T19:19:01-08:00,0,8
resume/index.html,19,html,84218289,Tanya301,2025-01-10,19:19:01,-08:00,2025-01-10T19:19:01-08:00,0,2
resume/index.html,20,html,84218289,Tanya301,2025-01-10,19:19:01,-08:00,2025-01-10T19:19:01-08:00,0,109
resume/index.html,21,html,84218289,Tanya301,2025-01-10,19:19:01,-08:00,2025-01-10T19:19:01-08:00,0,98
resume/index.html,22,html,84218289,Tanya301,2025-01-10,19:19:01,-08:00,2025-01-10T19:19:01-08:00,0,3
resume/index.html,23,html,84218289,Tanya301,2025-01-10,19:19:01,-08:00,2025-01-10T19:19:01-08:00,0,9
resume/index.html,24,html,84218289,Tanya301,2025-01-10,19:19:01,-08:00,2025-01-10T19:19:01-08:00,0,0
resume/index.html,25,html,84218289,Tanya301,2025-01-10,19:19:01,-08:00,2025-01-10T19:19:01-08:00,0,8
resume/index.html,26,html,84218289,Tanya301,2025-01-10,19:19:01,-08:00,2025-01-10T19:19:01-08:00,0,7
resume/index.html,27,html,84218289,Tanya301,2025-01-10,19:19:01,-08:00,2025-01-10T19:19:01-08:00,0,17
resume/index.html,28,html,84218289,Tanya301,2025-01-10,19:19:01,-08:00,2025-01-10T19:19:01-08:00,0,8
resume/index.html,29,html,84218289,Tanya301,2025-01-10,19:19:01,-08:00,2025-01-10T19:19:01-08:00,0,8
resume/index.html,30,html,84218289,Tanya301,2025-01-10,19:19:01,-08:00,2025-01-10T19:19:01-08:00,0,7
resume/index.html,31,html,84218289,Tanya301,2025-01-10,19:19:01,-08:00,2025-01-10T19:19:01-08:00,0,42
resume/index.html,32,html,84218289,Tanya301,2025-01-10,19:19:01,-08:00,2025-01-10T19:19:01-08:00,0,50
resume/index.html,33,html,84218289,Tanya301,2025-01-10,19:19:01,-08:00,2025-01-10T19:19:01-08:00,0,8
resume/index.html,34,html,84218289,Tanya301,2025-01-10,19:19:01,-08:00,2025-01-10T19:19:01-08:00,0,3
resume/index.html,35,html,84218289,Tanya301,2025-01-10,19:19:01,-08:00,2025-01-10T19:19:01-08:00,0,28
resume/index.html,36,html,84218289,Tanya301,2025-01-10,19:19:01,-08:00,2025-01-10T19:19:01-08:00,0,16
resume/index.html,37,html,84218289,Tanya301,2025-01-10,19:19:01,-08:00,2025-01-10T19:19:01-08:00,0,4
resume/index.html,38,html,84218289,Tanya301,2025-01-10,19:19:01,-08:00,2025-01-10T19:19:01-08:00,0,9
resume/index.html,39,html,84218289,Tanya301,2025-01-10,19:19:01,-08:00,2025-01-10T19:19:01-08:00,0,8
resume/index.html,40,html,84218289,Tanya301,2025-01-10,19:19:01,-08:00,2025-01-10T19:19:01-08:00,0,7
resume/index.html,41,html,84218289,Tanya301,2025-01-10,19:19:01,-08:00,2025-01-10T19:19:01-08:00,0,25
resume/index.html,42,html,84218289,Tanya301,2025-01-10,19:19:01,-08:00,2025-01-10T19:19:01-08:00,0,40
resume/index.html,43,html,84218289,Tanya301,2025-01-10,19:19:01,-08:00,2025-01-10T19:19:01-08:00,0,8
resume/index.html,44,html,84218289,Tanya301,2025-01-10,19:19:01,-08:00,2025-01-10T19:19:01-08:00,0,3
resume/index.html,45,html,84218289,Tanya301,2025-01-10,19:19:01,-08:00,2025-01-10T19:19:01-08:00,0,45
resume/index.html,46,html,84218289,Tanya301,2025-01-10,19:19:01,-08:00,2025-01-10T19:19:01-08:00,0,65
resume/index.html,47,html,84218289,Tanya301,2025-01-10,19:19:01,-08:00,2025-01-10T19:19:01-08:00,0,4
resume/index.html,48,html,84218289,Tanya301,2025-01-10,19:19:01,-08:00,2025-01-10T19:19:01-08:00,0,9
resume/index.html,49,html,84218289,Tanya301,2025-01-10,19:19:01,-08:00,2025-01-10T19:19:01-08:00,0,9
resume/index.html,50,html,84218289,Tanya301,2025-01-10,19:19:01,-08:00,2025-01-10T19:19:01-08:00,0,0
resume/index.html,51,html,84218289,Tanya301,2025-01-10,19:19:01,-08:00,2025-01-10T19:19:01-08:00,0,8
resume/index.html,52,html,84218289,Tanya301,2025-01-10,19:19:01,-08:00,2025-01-10T19:19:01-08:00,0,7
resume/index.html,53,html,84218289,Tanya301,2025-01-10,19:19:01,-08:00,2025-01-10T19:19:01-08:00,0,18
resume/index.html,54,html,84218289,Tanya301,2025-01-10,19:19:01,-08:00,2025-01-10T19:19:01-08:00,0,8
resume/index.html,55,html,84218289,Tanya301,2025-01-10,19:19:01,-08:00,2025-01-10T19:19:01-08:00,0,8
resume/index.html,56,html,84218289,Tanya301,2025-01-10,19:19:01,-08:00,2025-01-10T19:19:01-08:00,0,7
resume/index.html,57,html,84218289,Tanya301,2025-01-10,19:19:01,-08:00,2025-01-10T19:19:01-08:00,0,30
resume/index.html,58,html,84218289,Tanya301,2025-01-10,19:19:01,-08:00,2025-01-10T19:19:01-08:00,0,50
resume/index.html,59,html,84218289,Tanya301,2025-01-10,19:19:01,-08:00,2025-01-10T19:19:01-08:00,0,8
resume/index.html,60,html,84218289,Tanya301,2025-01-10,19:19:01,-08:00,2025-01-10T19:19:01-08:00,0,3
resume/index.html,61,html,84218289,Tanya301,2025-01-10,19:19:01,-08:00,2025-01-10T19:19:01-08:00,0,87
resume/index.html,62,html,84218289,Tanya301,2025-01-10,19:19:01,-08:00,2025-01-10T19:19:01-08:00,0,57
resume/index.html,63,html,84218289,Tanya301,2025-01-10,19:19:01,-08:00,2025-01-10T19:19:01-08:00,0,127
resume/index.html,64,html,84218289,Tanya301,2025-01-10,19:19:01,-08:00,2025-01-10T19:19:01-08:00,0,4
resume/index.html,65,html,84218289,Tanya301,2025-01-10,19:19:01,-08:00,2025-01-10T19:19:01-08:00,0,9
resume/index.html,66,html,84218289,Tanya301,2025-01-10,19:19:01,-08:00,2025-01-10T19:19:01-08:00,0,8
resume/index.html,67,html,84218289,Tanya301,2025-01-10,19:19:01,-08:00,2025-01-10T19:19:01-08:00,0,7
resume/index.html,68,html,84218289,Tanya301,2025-01-10,19:19:01,-08:00,2025-01-10T19:19:01-08:00,0,28
resume/index.html,69,html,84218289,Tanya301,2025-01-10,19:19:01,-08:00,2025-01-10T19:19:01-08:00,0,37
resume/index.html,70,html,84218289,Tanya301,2025-01-10,19:19:01,-08:00,2025-01-10T19:19:01-08:00,0,8
resume/index.html,71,html,84218289,Tanya301,2025-01-10,19:19:01,-08:00,2025-01-10T19:19:01-08:00,0,3
resume/index.html,72,html,84218289,Tanya301,2025-01-10,19:19:01,-08:00,2025-01-10T19:19:01-08:00,0,59
resume/index.html,73,html,84218289,Tanya301,2025-01-10,19:19:01,-08:00,2025-01-10T19:19:01-08:00,0,69
resume/index.html,74,html,84218289,Tanya301,2025-01-10,19:19:01,-08:00,2025-01-10T19:19:01-08:00,0,4
resume/index.html,75,html,84218289,Tanya301,2025-01-10,19:19:01,-08:00,2025-01-10T19:19:01-08:00,0,9
resume/index.html,76,html,84218289,Tanya301,2025-01-10,19:19:01,-08:00,2025-01-10T19:19:01-08:00,0,9
resume/index.html,77,html,84218289,Tanya301,2025-01-10,19:19:01,-08:00,2025-01-10T19:19:01-08:00,0,0
resume/index.html,78,html,84218289,Tanya301,2025-01-10,19:19:01,-08:00,2025-01-10T19:19:01-08:00,0,8
resume/index.html,79,html,84218289,Tanya301,2025-01-10,19:19:01,-08:00,2025-01-10T19:19:01-08:00,0,7
resume/index.html,80,html,84218289,Tanya301,2025-01-10,19:19:01,-08:00,2025-01-10T19:19:01-08:00,0,27
resume/index.html,81,html,84218289,Tanya301,2025-01-10,19:19:01,-08:00,2025-01-10T19:19:01-08:00,0,8
resume/index.html,82,html,84218289,Tanya301,2025-01-10,19:19:01,-08:00,2025-01-10T19:19:01-08:00,0,3
resume/index.html,83,html,84218289,Tanya301,2025-01-10,19:19:01,-08:00,2025-01-10T19:19:01-08:00,0,63
resume/index.html,84,html,84218289,Tanya301,2025-01-10,19:19:01,-08:00,2025-01-10T19:19:01-08:00,0,55
resume/index.html,85,html,84218289,Tanya301,2025-01-10,19:19:01,-08:00,2025-01-10T19:19:01-08:00,0,84
resume/index.html,86,html,84218289,Tanya301,2025-01-10,19:19:01,-08:00,2025-01-10T19:19:01-08:00,0,4
resume/index.html,87,html,84218289,Tanya301,2025-01-10,19:19:01,-08:00,2025-01-10T19:19:01-08:00,0,9
resume/index.html,88,html,89ebe828,Tanya301,2025-01-10,19:23:36,-08:00,2025-01-10T19:23:36-08:00,0,0
resume/index.html,89,html,c2511ac9,Tanya301,2025-01-10,19:24:09,-08:00,2025-01-10T19:24:09-08:00,0,64
resume/index.html,90,html,84218289,Tanya301,2025-01-10,19:19:01,-08:00,2025-01-10T19:19:01-08:00,0,6
resume/index.html,91,html,84218289,Tanya301,2025-01-10,19:19:01,-08:00,2025-01-10T19:19:01-08:00,0,6
projects/projects.js,1,js,7ed96a1c,Tanya301,2025-02-06,17:30:13,-08:00,2025-02-06T17:30:13-08:00,0,64
projects/projects.js,2,js,302a5326,Tanya301,2025-01-31,15:11:07,-08:00,2025-01-31T15:11:07-08:00,0,56
projects/projects.js,3,js,302a5326,Tanya301,2025-01-31,15:11:07,-08:00,2025-01-31T15:11:07-08:00,0,0
projects/projects.js,4,js,302a5326,Tanya301,2025-01-31,15:11:07,-08:00,2025-01-31T15:11:07-08:00,0,56
projects/projects.js,5,js,302a5326,Tanya301,2025-01-31,15:11:07,-08:00,2025-01-31T15:11:07-08:00,0,0
projects/projects.js,6,js,302a5326,Tanya301,2025-01-31,15:11:07,-08:00,2025-01-31T15:11:07-08:00,0,61
projects/projects.js,7,js,302a5326,Tanya301,2025-01-31,15:11:07,-08:00,2025-01-31T15:11:07-08:00,0,0
projects/projects.js,8,js,302a5326,Tanya301,2025-01-31,15:11:07,-08:00,2025-01-31T15:11:07-08:00,0,90
projects/projects.js,9,js,302a5326,Tanya301,2025-01-31,15:11:07,-08:00,2025-01-31T15:11:07-08:00,0,0
projects/projects.js,10,js,302a5326,Tanya301,2025-01-31,15:11:07,-08:00,2025-01-31T15:11:07-08:00,0,18
projects/projects.js,11,js,7ed96a1c,Tanya301,2025-02-06,17:30:13,-08:00,2025-02-06T17:30:13-08:00,0,56
projects/projects.js,12,js,302a5326,Tanya301,2025-01-31,15:11:07,-08:00,2025-01-31T15:11:07-08:00,0,0
projects/projects.js,13,js,302a5326,Tanya301,2025-01-31,15:11:07,-08:00,2025-01-31T15:11:07-08:00,0,0
projects/projects.js,14,js,7ed96a1c,Tanya301,2025-02-06,17:30:13,-08:00,2025-02-06T17:30:13-08:00,0,49
projects/projects.js,15,js,7ed96a1c,Tanya301,2025-02-06,17:30:13,-08:00,2025-02-06T17:30:13-08:00,0,0
projects/projects.js,16,js,7ed96a1c,Tanya301,2025-02-06,17:30:13,-08:00,2025-02-06T17:30:13-08:00,0,58
projects/projects.js,17,js,fda2c795,Tanya301,2025-02-07,15:36:30,-08:00,2025-02-07T15:36:30-08:00,0,22
projects/projects.js,18,js,fda2c795,Tanya301,2025-02-07,15:36:30,-08:00,2025-02-07T15:36:30-08:00,0,23
projects/projects.js,19,js,fda2c795,Tanya301,2025-02-07,15:36:30,-08:00,2025-02-07T15:36:30-08:00,0,14
projects/projects.js,20,js,fda2c795,Tanya301,2025-02-07,15:36:30,-08:00,2025-02-07T15:36:30-08:00,0,54
projects/projects.js,21,js,fda2c795,Tanya301,2025-02-07,15:36:30,-08:00,2025-02-07T15:36:30-08:00,0,43
projects/projects.js,22,js,fda2c795,Tanya301,2025-02-07,15:36:30,-08:00,2025-02-07T15:36:30-08:00,0,51
projects/projects.js,23,js,7ed96a1c,Tanya301,2025-02-06,17:30:13,-08:00,2025-02-06T17:30:13-08:00,0,0
projects/projects.js,24,js,fda2c795,Tanya301,2025-02-07,15:36:30,-08:00,2025-02-07T15:36:30-08:00,0,39
projects/projects.js,25,js,fda2c795,Tanya301,2025-02-07,15:36:30,-08:00,2025-02-07T15:36:30-08:00,0,30
projects/projects.js,26,js,fda2c795,Tanya301,2025-02-07,15:36:30,-08:00,2025-02-07T15:36:30-08:00,0,13
projects/projects.js,27,js,fda2c795,Tanya301,2025-02-07,15:36:30,-08:00,2025-02-07T15:36:30-08:00,0,15
projects/projects.js,28,js,fda2c795,Tanya301,2025-02-07,15:36:30,-08:00,2025-02-07T15:36:30-08:00,0,13
projects/projects.js,29,js,fda2c795,Tanya301,2025-02-07,15:36:30,-08:00,2025-02-07T15:36:30-08:00,0,1
projects/projects.js,30,js,fda2c795,Tanya301,2025-02-07,15:36:30,-08:00,2025-02-07T15:36:30-08:00,0,51
projects/projects.js,31,js,fda2c795,Tanya301,2025-02-07,15:36:30,-08:00,2025-02-07T15:36:30-08:00,0,36
projects/projects.js,32,js,fda2c795,Tanya301,2025-02-07,15:36:30,-08:00,2025-02-07T15:36:30-08:00,0,2
projects/projects.js,33,js,fda2c795,Tanya301,2025-02-07,15:36:30,-08:00,2025-02-07T15:36:30-08:00,0,37
projects/projects.js,34,js,fda2c795,Tanya301,2025-02-07,15:36:30,-08:00,2025-02-07T15:36:30-08:00,0,46
projects/projects.js,35,js,fda2c795,Tanya301,2025-02-07,15:36:30,-08:00,2025-02-07T15:36:30-08:00,0,0
projects/projects.js,36,js,fda2c795,Tanya301,2025-02-07,15:36:30,-08:00,2025-02-07T15:36:30-08:00,0,29
projects/projects.js,37,js,fda2c795,Tanya301,2025-02-07,15:36:30,-08:00,2025-02-07T15:36:30-08:00,0,33
projects/projects.js,38,js,fda2c795,Tanya301,2025-02-07,15:36:30,-08:00,2025-02-07T15:36:30-08:00,0,33
projects/projects.js,39,js,fda2c795,Tanya301,2025-02-07,15:36:30,-08:00,2025-02-07T15:36:30-08:00,0,30
projects/projects.js,40,js,fda2c795,Tanya301,2025-02-07,15:36:30,-08:00,2025-02-07T15:36:30-08:00,0,0
projects/projects.js,41,js,fda2c795,Tanya301,2025-02-07,15:36:30,-08:00,2025-02-07T15:36:30-08:00,0,28
projects/projects.js,42,js,fda2c795,Tanya301,2025-02-07,15:36:30,-08:00,2025-02-07T15:36:30-08:00,0,18
projects/projects.js,43,js,fda2c795,Tanya301,2025-02-07,15:36:30,-08:00,2025-02-07T15:36:30-08:00,0,74
projects/projects.js,44,js,fda2c795,Tanya301,2025-02-07,15:36:30,-08:00,2025-02-07T15:36:30-08:00,0,69
projects/projects.js,45,js,fda2c795,Tanya301,2025-02-07,15:36:30,-08:00,2025-02-07T15:36:30-08:00,0,24
projects/projects.js,46,js,fda2c795,Tanya301,2025-02-07,15:36:30,-08:00,2025-02-07T15:36:30-08:00,0,2
projects/projects.js,47,js,fda2c795,Tanya301,2025-02-07,15:36:30,-08:00,2025-02-07T15:36:30-08:00,0,0
projects/projects.js,48,js,fda2c795,Tanya301,2025-02-07,15:36:30,-08:00,2025-02-07T15:36:30-08:00,0,25
projects/projects.js,49,js,fda2c795,Tanya301,2025-02-07,15:36:30,-08:00,2025-02-07T15:36:30-08:00,0,5
projects/projects.js,50,js,fda2c795,Tanya301,2025-02-07,15:36:30,-08:00,2025-02-07T15:36:30-08:00,0,14
projects/projects.js,51,js,fda2c795,Tanya301,2025-02-07,15:36:30,-08:00,2025-02-07T15:36:30-08:00,0,14
projects/projects.js,52,js,fda2c795,Tanya301,2025-02-07,15:36:30,-08:00,2025-02-07T15:36:30-08:00,0,23
projects/projects.js,53,js,fda2c795,Tanya301,2025-02-07,15:36:30,-08:00,2025-02-07T15:36:30-08:00,0,19
projects/projects.js,54,js,fda2c795,Tanya301,2025-02-07,15:36:30,-08:00,2025-02-07T15:36:30-08:00,0,44
projects/projects.js,55,js,fda2c795,Tanya301,2025-02-07,15:36:30,-08:00,2025-02-07T15:36:30-08:00,0,0
projects/projects.js,56,js,fda2c795,Tanya301,2025-02-07,15:36:30,-08:00,2025-02-07T15:36:30-08:00,0,5
projects/projects.js,57,js,fda2c795,Tanya301,2025-02-07,15:36:30,-08:00,2025-02-07T15:36:30-08:00,0,17
projects/projects.js,58,js,fda2c795,Tanya301,2025-02-07,15:36:30,-08:00,2025-02-07T15:36:30-08:00,0,27
projects/projects.js,59,js,fda2c795,Tanya301,2025-02-07,15:36:30,-08:00,2025-02-07T15:36:30-08:00,0,38
projects/projects.js,60,js,fda2c795,Tanya301,2025-02-07,15:36:30,-08:00,2025-02-07T15:36:30-08:00,0,2
projects/projects.js,61,js,fda2c795,Tanya301,2025-02-07,15:36:30,-08:00,2025-02-07T15:36:30-08:00,0,5
projects/projects.js,62,js,fda2c795,Tanya301,2025-02-07,15:36:30,-08:00,2025-02-07T15:36:30-08:00,0,15
projects/projects.js,63,js,fda2c795,Tanya301,2025-02-07,15:36:30,-08:00,2025-02-07T15:36:30-08:00,0,27
projects/projects.js,64,js,fda2c795,Tanya301,2025-02-07,15:36:30,-08:00,2025-02-07T15:36:30-08:00,0,38
projects/projects.js,65,js,fda2c795,Tanya301,2025-02-07,15:36:30,-08:00,2025-02-07T15:36:30-08:00,0,2
projects/projects.js,66,js,fda2c795,Tanya301,2025-02-07,15:36:30,-08:00,2025-02-07T15:36:30-08:00,0,36
projects/projects.js,67,js,fda2c795,Tanya301,2025-02-07,15:36:30,-08:00,2025-02-07T15:36:30-08:00,0,26
projects/projects.js,68,js,fda2c795,Tanya301,2025-02-07,15:36:30,-08:00,2025-02-07T15:36:30-08:00,0,11
projects/projects.js,69,js,fda2c795,Tanya301,2025-02-07,15:36:30,-08:00,2025-02-07T15:36:30-08:00,0,53
projects/projects.js,70,js,fda2c795,Tanya301,2025-02-07,15:36:30,-08:00,2025-02-07T15:36:30-08:00,0,60
projects/projects.js,71,js,fda2c795,Tanya301,2025-02-07,15:36:30,-08:00,2025-02-07T15:36:30-08:00,0,43
projects/projects.js,72,js,fda2c795,Tanya301,2025-02-07,15:36:30,-08:00,2025-02-07T15:36:30-08:00,0,2
projects/projects.js,73,js,fda2c795,Tanya301,2025-02-07,15:36:30,-08:00,2025-02-07T15:36:30-08:00,0,7
projects/projects.js,74,js,fda2c795,Tanya301,2025-02-07,15:36:30,-08:00,2025-02-07T15:36:30-08:00,0,49
projects/projects.js,75,js,fda2c795,Tanya301,2025-02-07,15:36:30,-08:00,2025-02-07T15:36:30-08:00,0,6
projects/projects.js,76,js,fda2c795,Tanya301,2025-02-07,15:36:30,-08:00,2025-02-07T15:36:30-08:00,0,0
projects/projects.js,77,js,fda2c795,Tanya301,2025-02-07,15:36:30,-08:00,2025-02-07T15:36:30-08:00,0,7
projects/projects.js,78,js,fda2c795,Tanya301,2025-02-07,15:36:30,-08:00,2025-02-07T15:36:30-08:00,0,43
projects/projects.js,79,js,fda2c795,Tanya301,2025-02-07,15:36:30,-08:00,2025-02-07T15:36:30-08:00,0,69
projects/projects.js,80,js,fda2c795,Tanya301,2025-02-07,15:36:30,-08:00,2025-02-07T15:36:30-08:00,0,11
projects/projects.js,81,js,fda2c795,Tanya301,2025-02-07,15:36:30,-08:00,2025-02-07T15:36:30-08:00,0,56
projects/projects.js,82,js,fda2c795,Tanya301,2025-02-07,15:36:30,-08:00,2025-02-07T15:36:30-08:00,0,60
projects/projects.js,83,js,fda2c795,Tanya301,2025-02-07,15:36:30,-08:00,2025-02-07T15:36:30-08:00,0,43
projects/projects.js,84,js,fda2c795,Tanya301,2025-02-07,15:36:30,-08:00,2025-02-07T15:36:30-08:00,0,2
projects/projects.js,85,js,fda2c795,Tanya301,2025-02-07,15:36:30,-08:00,2025-02-07T15:36:30-08:00,0,0
projects/projects.js,86,js,fda2c795,Tanya301,2025-02-07,15:36:30,-08:00,2025-02-07T15:36:30-08:00,0,0
projects/projects.js,87,js,fda2c795,Tanya301,2025-02-07,15:36:30,-08:00,2025-02-07T15:36:30-08:00,0,57
projects/projects.js,88,js,fda2c795,Tanya301,2025-02-07,15:36:30,-08:00,2025-02-07T15:36:30-08:00,0,2
projects/projects.js,89,js,fda2c795,Tanya301,2025-02-07,15:36:30,-08:00,2025-02-07T15:36:30-08:00,0,2
projects/projects.js,90,js,fda2c795,Tanya301,2025-02-07,15:36:30,-08:00,2025-02-07T15:36:30-08:00,0,0
projects/projects.js,91,js,fda2c795,Tanya301,2025-02-07,15:36:30,-08:00,2025-02-07T15:36:30-08:00,0,50
projects/projects.js,92,js,fda2c795,Tanya301,2025-02-07,15:36:30,-08:00,2025-02-07T15:36:30-08:00,0,26
projects/projects.js,93,js,fda2c795,Tanya301,2025-02-07,15:36:30,-08:00,2025-02-07T15:36:30-08:00,0,52
projects/projects.js,94,js,fda2c795,Tanya301,2025-02-07,15:36:30,-08:00,2025-02-07T15:36:30-08:00,0,60
projects/projects.js,95,js,777bb219,Tanya301,2025-02-07,17:33:46,-08:00,2025-02-07T17:33:46-08:00,0,43
projects/projects.js,96,js,fda2c795,Tanya301,2025-02-07,15:36:30,-08:00,2025-02-07T15:36:30-08:00,0,2
projects/projects.js,97,js,fda2c795,Tanya301,2025-02-07,15:36:30,-08:00,2025-02-07T15:36:30-08:00,0,0
projects/projects.js,98,js,fda2c795,Tanya301,2025-02-07,15:36:30,-08:00,2025-02-07T15:36:30-08:00,0,26
projects/projects.js,99,js,fda2c795,Tanya301,2025-02-07,15:36:30,-08:00,2025-02-07T15:36:30-08:00,0,11
projects/projects.js,100,js,fda2c795,Tanya301,2025-02-07,15:36:30,-08:00,2025-02-07T15:36:30-08:00,0,23
projects/projects.js,101,js,fda2c795,Tanya301,2025-02-07,15:36:30,-08:00,2025-02-07T15:36:30-08:00,0,46
projects/projects.js,102,js,fda2c795,Tanya301,2025-02-07,15:36:30,-08:00,2025-02-07T15:36:30-08:00,0,60
projects/projects.js,103,js,fda2c795,Tanya301,2025-02-07,15:36:30,-08:00,2025-02-07T15:36:30-08:00,0,76
projects/projects.js,104,js,fda2c795,Tanya301,2025-02-07,15:36:30,-08:00,2025-02-07T15:36:30-08:00,0,2
projects/projects.js,105,js,fda2c795,Tanya301,2025-02-07,15:36:30,-08:00,2025-02-07T15:36:30-08:00,0,7
projects/projects.js,106,js,fda2c795,Tanya301,2025-02-07,15:36:30,-08:00,2025-02-07T15:36:30-08:00,0,28
projects/projects.js,107,js,fda2c795,Tanya301,2025-02-07,15:36:30,-08:00,2025-02-07T15:36:30-08:00,0,76
projects/projects.js,108,js,fda2c795,Tanya301,2025-02-07,15:36:30,-08:00,2025-02-07T15:36:30-08:00,0,0
projects/projects.js,109,js,fda2c795,Tanya301,2025-02-07,15:36:30,-08:00,2025-02-07T15:36:30-08:00,0,7
projects/projects.js,110,js,fda2c795,Tanya301,2025-02-07,15:36:30,-08:00,2025-02-07T15:36:30-08:00,0,11
projects/projects.js,111,js,fda2c795,Tanya301,2025-02-07,15:36:30,-08:00,2025-02-07T15:36:30-08:00,0,27
projects/projects.js,112,js,fda2c795,Tanya301,2025-02-07,15:36:30,-08:00,2025-02-07T15:36:30-08:00,0,46
projects/projects.js,113,js,fda2c795,Tanya301,2025-02-07,15:36:30,-08:00,2025-02-07T15:36:30-08:00,0,60
projects/projects.js,114,js,fda2c795,Tanya301,2025-02-07,15:36:30,-08:00,2025-02-07T15:36:30-08:00,0,43
projects/projects.js,115,js,fda2c795,Tanya301,2025-02-07,15:36:30,-08:00,2025-02-07T15:36:30-08:00,0,2
projects/projects.js,116,js,fda2c795,Tanya301,2025-02-07,15:36:30,-08:00,2025-02-07T15:36:30-08:00,0,7
projects/projects.js,117,js,fda2c795,Tanya301,2025-02-07,15:36:30,-08:00,2025-02-07T15:36:30-08:00,0,12
projects/projects.js,118,js,fda2c795,Tanya301,2025-02-07,15:36:30,-08:00,2025-02-07T15:36:30-08:00,0,27
projects/projects.js,119,js,fda2c795,Tanya301,2025-02-07,15:36:30,-08:00,2025-02-07T15:36:30-08:00,0,0
projects/projects.js,120,js,fda2c795,Tanya301,2025-02-07,15:36:30,-08:00,2025-02-07T15:36:30-08:00,0,0
projects/projects.js,121,js,fda2c795,Tanya301,2025-02-07,15:36:30,-08:00,2025-02-07T15:36:30-08:00,0,0
projects/projects.js,122,js,fda2c795,Tanya301,2025-02-07,15:36:30,-08:00,2025-02-07T15:36:30-08:00,0,26
projects/projects.js,123,js,fda2c795,Tanya301,2025-02-07,15:36:30,-08:00,2025-02-07T15:36:30-08:00,0,11
projects/projects.js,124,js,fda2c795,Tanya301,2025-02-07,15:36:30,-08:00,2025-02-07T15:36:30-08:00,0,32
projects/projects.js,125,js,fda2c795,Tanya301,2025-02-07,15:36:30,-08:00,2025-02-07T15:36:30-08:00,0,7
projects/projects.js,126,js,fda2c795,Tanya301,2025-02-07,15:36:30,-08:00,2025-02-07T15:36:30-08:00,0,24
projects/projects.js,127,js,fda2c795,Tanya301,2025-02-07,15:36:30,-08:00,2025-02-07T15:36:30-08:00,0,0
projects/projects.js,128,js,fda2c795,Tanya301,2025-02-07,15:36:30,-08:00,2025-02-07T15:36:30-08:00,0,57
projects/projects.js,129,js,fda2c795,Tanya301,2025-02-07,15:36:30,-08:00,2025-02-07T15:36:30-08:00,0,0
projects/projects.js,130,js,fda2c795,Tanya301,2025-02-07,15:36:30,-08:00,2025-02-07T15:36:30-08:00,0,19
projects/projects.js,131,js,fda2c795,Tanya301,2025-02-07,15:36:30,-08:00,2025-02-07T15:36:30-08:00,0,25
projects/projects.js,132,js,fda2c795,Tanya301,2025-02-07,15:36:30,-08:00,2025-02-07T15:36:30-08:00,0,69
projects/projects.js,133,js,fda2c795,Tanya301,2025-02-07,15:36:30,-08:00,2025-02-07T15:36:30-08:00,0,23
projects/projects.js,134,js,fda2c795,Tanya301,2025-02-07,15:36:30,-08:00,2025-02-07T15:36:30-08:00,0,69
projects/projects.js,135,js,fda2c795,Tanya301,2025-02-07,15:36:30,-08:00,2025-02-07T15:36:30-08:00,0,2
projects/projects.js,136,js,fda2c795,Tanya301,2025-02-07,15:36:30,-08:00,2025-02-07T15:36:30-08:00,0,0
projects/projects.js,137,js,fda2c795,Tanya301,2025-02-07,15:36:30,-08:00,2025-02-07T15:36:30-08:00,0,0
projects/projects.js,138,js,fda2c795,Tanya301,2025-02-07,15:36:30,-08:00,2025-02-07T15:36:30-08:00,0,24
projects/projects.js,139,js,640f95d3,Tanya301,2025-02-06,17:50:15,-08:00,2025-02-06T17:50:15-08:00,0,0
projects/projects.js,140,js,640f95d3,Tanya301,2025-02-06,17:50:15,-08:00,2025-02-06T17:50:15-08:00,0,0
projects/index.html,1,html,e9cf69ab,Tanya301,2025-01-10,15:33:16,-08:00,2025-01-10T15:33:16-08:00,0,14
projects/index.html,2,html,e9cf69ab,Tanya301,2025-01-10,15:33:16,-08:00,2025-01-10T15:33:16-08:00,0,15
projects/index.html,3,html,e9cf69ab,Tanya301,2025-01-10,15:33:16,-08:00,2025-01-10T15:33:16-08:00,0,5
projects/index.html,4,html,e9cf69ab,Tanya301,2025-01-10,15:33:16,-08:00,2025-01-10T15:33:16-08:00,0,21
projects/index.html,5,html,e9cf69ab,Tanya301,2025-01-10,15:33:16,-08:00,2025-01-10T15:33:16-08:00,0,69
projects/index.html,6,html,e9cf69ab,Tanya301,2025-01-10,15:33:16,-08:00,2025-01-10T15:33:16-08:00,0,22
projects/index.html,7,html,84218289,Tanya301,2025-01-10,19:19:01,-08:00,2025-01-10T19:19:01-08:00,0,42
projects/index.html,8,html,6d3a18ef,Tanya301,2025-01-24,11:21:10,-08:00,2025-01-24T11:21:10-08:00,0,49
projects/index.html,9,html,4967904c,Tanya301,2025-01-31,11:38:48,-08:00,2025-01-31T11:38:48-08:00,0,48
projects/index.html,10,html,e9cf69ab,Tanya301,2025-01-10,15:33:16,-08:00,2025-01-10T15:33:16-08:00,0,6
projects/index.html,11,html,e9cf69ab,Tanya301,2025-01-10,15:33:16,-08:00,2025-01-10T15:33:16-08:00,0,5
projects/index.html,12,html,0204bd8f,Tanya301,2025-01-31,12:50:32,-08:00,2025-01-31T12:50:32-08:00,0,39
projects/index.html,13,html,640f95d3,Tanya301,2025-02-06,17:50:15,-08:00,2025-02-06T17:50:15-08:00,0,22
projects/index.html,14,html,640f95d3,Tanya301,2025-02-06,17:50:15,-08:00,2025-02-06T17:50:15-08:00,0,59
projects/index.html,15,html,640f95d3,Tanya301,2025-02-06,17:50:15,-08:00,2025-02-06T17:50:15-08:00,0,23
projects/index.html,16,html,548cf35e,Tanya301,2025-01-17,17:59:38,-08:00,2025-01-17T17:59:38-08:00,0,5
projects/index.html,17,html,fda2c795,Tanya301,2025-02-07,15:36:30,-08:00,2025-02-07T15:36:30-08:00,0,29
projects/index.html,18,html,fda2c795,Tanya301,2025-02-07,15:36:30,-08:00,2025-02-07T15:36:30-08:00,0,5
projects/index.html,19,html,fda2c795,Tanya301,2025-02-07,15:36:30,-08:00,2025-02-07T15:36:30-08:00,0,16
projects/index.html,20,html,fda2c795,Tanya301,2025-02-07,15:36:30,-08:00,2025-02-07T15:36:30-08:00,0,12
projects/index.html,21,html,fda2c795,Tanya301,2025-02-07,15:36:30,-08:00,2025-02-07T15:36:30-08:00,0,27
projects/index.html,22,html,fda2c795,Tanya301,2025-02-07,15:36:30,-08:00,2025-02-07T15:36:30-08:00,0,32
projects/index.html,23,html,fda2c795,Tanya301,2025-02-07,15:36:30,-08:00,2025-02-07T15:36:30-08:00,0,1
projects/index.html,24,html,fda2c795,Tanya301,2025-02-07,15:36:30,-08:00,2025-02-07T15:36:30-08:00,0,5
projects/index.html,25,html,640f95d3,Tanya301,2025-02-06,17:50:15,-08:00,2025-02-06T17:50:15-08:00,0,27
projects/index.html,26,html,e9cf69ab,Tanya301,2025-01-10,15:33:16,-08:00,2025-01-10T15:33:16-08:00,0,6
projects/index.html,27,html,e9cf69ab,Tanya301,2025-01-10,15:33:16,-08:00,2025-01-10T15:33:16-08:00,0,6
meta/meta.js,1,js,e1599223,Tanya301,2025-02-13,13:17:20,-08:00,2025-02-13T13:17:20-08:00,0,13
meta/meta.js,2,js,e1599223,Tanya301,2025-02-13,13:17:20,-08:00,2025-02-13T13:17:20-08:00,0,16
meta/meta.js,3,js,e1599223,Tanya301,2025-02-13,13:17:20,-08:00,2025-02-13T13:17:20-08:00,0,0
meta/meta.js,4,js,e1599223,Tanya301,2025-02-13,13:17:20,-08:00,2025-02-13T13:17:20-08:00,0,26
meta/meta.js,5,js,e1599223,Tanya301,2025-02-13,13:17:20,-08:00,2025-02-13T13:17:20-08:00,0,41
meta/meta.js,6,js,e1599223,Tanya301,2025-02-13,13:17:20,-08:00,2025-02-13T13:17:20-08:00,0,6
meta/meta.js,7,js,e1599223,Tanya301,2025-02-13,13:17:20,-08:00,2025-02-13T13:17:20-08:00,0,43
meta/meta.js,8,js,e1599223,Tanya301,2025-02-13,13:17:20,-08:00,2025-02-13T13:17:20-08:00,0,24
meta/meta.js,9,js,e1599223,Tanya301,2025-02-13,13:17:20,-08:00,2025-02-13T13:17:20-08:00,0,26
meta/meta.js,10,js,e1599223,Tanya301,2025-02-13,13:17:20,-08:00,2025-02-13T13:17:20-08:00,0,50
meta/meta.js,11,js,e1599223,Tanya301,2025-02-13,13:17:20,-08:00,2025-02-13T13:17:20-08:00,0,32
meta/meta.js,12,js,e1599223,Tanya301,2025-02-13,13:17:20,-08:00,2025-02-13T13:17:20-08:00,0,3
meta/meta.js,13,js,e1599223,Tanya301,2025-02-13,13:17:20,-08:00,2025-02-13T13:17:20-08:00,0,0
meta/meta.js,14,js,e1599223,Tanya301,2025-02-13,13:17:20,-08:00,2025-02-13T13:17:20-08:00,0,42
meta/meta.js,15,js,e1599223,Tanya301,2025-02-13,13:17:20,-08:00,2025-02-13T13:17:20-08:00,0,0
meta/meta.js,16,js,e1599223,Tanya301,2025-02-13,13:17:20,-08:00,2025-02-13T13:17:20-08:00,0,19
meta/meta.js,17,js,e1599223,Tanya301,2025-02-13,13:17:20,-08:00,2025-02-13T13:17:20-08:00,0,23
meta/meta.js,18,js,e1599223,Tanya301,2025-02-13,13:17:20,-08:00,2025-02-13T13:17:20-08:00,0,14
meta/meta.js,19,js,e1599223,Tanya301,2025-02-13,13:17:20,-08:00,2025-02-13T13:17:20-08:00,0,0
meta/meta.js,20,js,e1599223,Tanya301,2025-02-13,13:17:20,-08:00,2025-02-13T13:17:20-08:00,0,0
meta/meta.js,21,js,e1599223,Tanya301,2025-02-13,13:17:20,-08:00,2025-02-13T13:17:20-08:00,0,26
meta/meta.js,22,js,e1599223,Tanya301,2025-02-13,13:17:20,-08:00,2025-02-13T13:17:20-08:00,0,11
meta/meta.js,23,js,e1599223,Tanya301,2025-02-13,13:17:20,-08:00,2025-02-13T13:17:20-08:00,0,29
meta/meta.js,24,js,e1599223,Tanya301,2025-02-13,13:17:20,-08:00,2025-02-13T13:17:20-08:00,0,26
meta/meta.js,25,js,e1599223,Tanya301,2025-02-13,13:17:20,-08:00,2025-02-13T13:17:20-08:00,0,20
meta/meta.js,26,js,e1599223,Tanya301,2025-02-13,13:17:20,-08:00,2025-02-13T13:17:20-08:00,0,54
meta/meta.js,27,js,e1599223,Tanya301,2025-02-13,13:17:20,-08:00,2025-02-13T13:17:20-08:00,0,10
meta/meta.js,28,js,e1599223,Tanya301,2025-02-13,13:17:20,-08:00,2025-02-13T13:17:20-08:00,0,10
meta/meta.js,29,js,e1599223,Tanya301,2025-02-13,13:17:20,-08:00,2025-02-13T13:17:20-08:00,0,61
meta/meta.js,30,js,e1599223,Tanya301,2025-02-13,13:17:20,-08:00,2025-02-13T13:17:20-08:00,0,6
meta/meta.js,31,js,e1599223,Tanya301,2025-02-13,13:17:20,-08:00,2025-02-13T13:17:20-08:00,0,4
meta/meta.js,32,js,e1599223,Tanya301,2025-02-13,13:17:20,-08:00,2025-02-13T13:17:20-08:00,0,4
meta/meta.js,33,js,e1599223,Tanya301,2025-02-13,13:17:20,-08:00,2025-02-13T13:17:20-08:00,0,8
meta/meta.js,34,js,e1599223,Tanya301,2025-02-13,13:17:20,-08:00,2025-02-13T13:17:20-08:00,0,8
meta/meta.js,35,js,e1599223,Tanya301,2025-02-13,13:17:20,-08:00,2025-02-13T13:17:20-08:00,0,58
meta/meta.js,36,js,e1599223,Tanya301,2025-02-13,13:17:20,-08:00,2025-02-13T13:17:20-08:00,0,24
meta/meta.js,37,js,e1599223,Tanya301,2025-02-13,13:17:20,-08:00,2025-02-13T13:17:20-08:00,0,1
meta/meta.js,38,js,e1599223,Tanya301,2025-02-13,13:17:20,-08:00,2025-02-13T13:17:20-08:00,0,0
meta/meta.js,39,js,e1599223,Tanya301,2025-02-13,13:17:20,-08:00,2025-02-13T13:17:20-08:00,0,36
meta/meta.js,40,js,e1599223,Tanya301,2025-02-13,13:17:20,-08:00,2025-02-13T13:17:20-08:00,0,12
meta/meta.js,41,js,e1599223,Tanya301,2025-02-13,13:17:20,-08:00,2025-02-13T13:17:20-08:00,0,39
meta/meta.js,42,js,e1599223,Tanya301,2025-02-13,13:17:20,-08:00,2025-02-13T13:17:20-08:00,0,54
meta/meta.js,43,js,e1599223,Tanya301,2025-02-13,13:17:20,-08:00,2025-02-13T13:17:20-08:00,0,2
meta/meta.js,44,js,e1599223,Tanya301,2025-02-13,13:17:20,-08:00,2025-02-13T13:17:20-08:00,0,0
meta/meta.js,45,js,e1599223,Tanya301,2025-02-13,13:17:20,-08:00,2025-02-13T13:17:20-08:00,0,10
meta/meta.js,46,js,e1599223,Tanya301,2025-02-13,13:17:20,-08:00,2025-02-13T13:17:20-08:00,0,2
meta/meta.js,47,js,e1599223,Tanya301,2025-02-13,13:17:20,-08:00,2025-02-13T13:17:20-08:00,0,0
meta/meta.js,48,js,e1599223,Tanya301,2025-02-13,13:17:20,-08:00,2025-02-13T13:17:20-08:00,0,0
meta/meta.js,49,js,e1599223,Tanya301,2025-02-13,13:17:20,-08:00,2025-02-13T13:17:20-08:00,0,24
meta/meta.js,50,js,e1599223,Tanya301,2025-02-13,13:17:20,-08:00,2025-02-13T13:17:20-08:00,0,23
meta/meta.js,51,js,e1599223,Tanya301,2025-02-13,13:17:20,-08:00,2025-02-13T13:17:20-08:00,0,16
meta/meta.js,52,js,e1599223,Tanya301,2025-02-13,13:17:20,-08:00,2025-02-13T13:17:20-08:00,0,0
meta/meta.js,53,js,e1599223,Tanya301,2025-02-13,13:17:20,-08:00,2025-02-13T13:17:20-08:00,0,23
meta/meta.js,54,js,e1599223,Tanya301,2025-02-13,13:17:20,-08:00,2025-02-13T13:17:20-08:00,0,66
meta/meta.js,55,js,e1599223,Tanya301,2025-02-13,13:17:20,-08:00,2025-02-13T13:17:20-08:00,0,0
meta/meta.js,56,js,e1599223,Tanya301,2025-02-13,13:17:20,-08:00,2025-02-13T13:17:20-08:00,0,15
meta/meta.js,57,js,e1599223,Tanya301,2025-02-13,13:17:20,-08:00,2025-02-13T13:17:20-08:00,0,68
meta/meta.js,58,js,e1599223,Tanya301,2025-02-13,13:17:20,-08:00,2025-02-13T13:17:20-08:00,0,33
meta/meta.js,59,js,e1599223,Tanya301,2025-02-13,13:17:20,-08:00,2025-02-13T13:17:20-08:00,0,0
meta/meta.js,60,js,e1599223,Tanya301,2025-02-13,13:17:20,-08:00,2025-02-13T13:17:20-08:00,0,19
meta/meta.js,61,js,e1599223,Tanya301,2025-02-13,13:17:20,-08:00,2025-02-13T13:17:20-08:00,0,37
meta/meta.js,62,js,e1599223,Tanya301,2025-02-13,13:17:20,-08:00,2025-02-13T13:17:20-08:00,0,36
meta/meta.js,63,js,e1599223,Tanya301,2025-02-13,13:17:20,-08:00,2025-02-13T13:17:20-08:00,0,0
meta/meta.js,64,js,e1599223,Tanya301,2025-02-13,13:17:20,-08:00,2025-02-13T13:17:20-08:00,0,17
meta/meta.js,65,js,e1599223,Tanya301,2025-02-13,13:17:20,-08:00,2025-02-13T13:17:20-08:00,0,30
meta/meta.js,66,js,e1599223,Tanya301,2025-02-13,13:17:20,-08:00,2025-02-13T13:17:20-08:00,0,4
meta/meta.js,67,js,e1599223,Tanya301,2025-02-13,13:17:20,-08:00,2025-02-13T13:17:20-08:00,0,31
meta/meta.js,68,js,e1599223,Tanya301,2025-02-13,13:17:20,-08:00,2025-02-13T13:17:20-08:00,0,12
meta/meta.js,69,js,e1599223,Tanya301,2025-02-13,13:17:20,-08:00,2025-02-13T13:17:20-08:00,0,1
meta/meta.js,70,js,e1599223,Tanya301,2025-02-13,13:17:20,-08:00,2025-02-13T13:17:20-08:00,0,0
meta/meta.js,71,js,e1599223,Tanya301,2025-02-13,13:17:20,-08:00,2025-02-13T13:17:20-08:00,0,17
meta/meta.js,72,js,e1599223,Tanya301,2025-02-13,13:17:20,-08:00,2025-02-13T13:17:20-08:00,0,54
meta/meta.js,73,js,e1599223,Tanya301,2025-02-13,13:17:20,-08:00,2025-02-13T13:17:20-08:00,0,54
meta/meta.js,74,js,e1599223,Tanya301,2025-02-13,13:17:20,-08:00,2025-02-13T13:17:20-08:00,0,35
meta/meta.js,75,js,e1599223,Tanya301,2025-02-13,13:17:20,-08:00,2025-02-13T13:17:20-08:00,0,0
meta/meta.js,76,js,e1599223,Tanya301,2025-02-13,13:17:20,-08:00,2025-02-13T13:17:20-08:00,0,17
meta/meta.js,77,js,e1599223,Tanya301,2025-02-13,13:17:20,-08:00,2025-02-13T13:17:20-08:00,0,55
meta/meta.js,78,js,e1599223,Tanya301,2025-02-13,13:17:20,-08:00,2025-02-13T13:17:20-08:00,0,54
meta/meta.js,79,js,e1599223,Tanya301,2025-02-13,13:17:20,-08:00,2025-02-13T13:17:20-08:00,0,47
meta/meta.js,80,js,e1599223,Tanya301,2025-02-13,13:17:20,-08:00,2025-02-13T13:17:20-08:00,0,0
meta/meta.js,81,js,e1599223,Tanya301,2025-02-13,13:17:20,-08:00,2025-02-13T13:17:20-08:00,0,28
meta/meta.js,82,js,e1599223,Tanya301,2025-02-13,13:17:20,-08:00,2025-02-13T13:17:20-08:00,0,95
meta/meta.js,83,js,e1599223,Tanya301,2025-02-13,13:17:20,-08:00,2025-02-13T13:17:20-08:00,0,30
meta/meta.js,84,js,e1599223,Tanya301,2025-02-13,13:17:20,-08:00,2025-02-13T13:17:20-08:00,0,7
meta/meta.js,85,js,e1599223,Tanya301,2025-02-13,13:17:20,-08:00,2025-02-13T13:17:20-08:00,0,13
meta/meta.js,86,js,e1599223,Tanya301,2025-02-13,13:17:20,-08:00,2025-02-13T13:17:20-08:00,0,23
meta/meta.js,87,js,e1599223,Tanya301,2025-02-13,13:17:20,-08:00,2025-02-13T13:17:20-08:00,0,1
meta/meta.js,88,js,e1599223,Tanya301,2025-02-13,13:17:20,-08:00,2025-02-13T13:17:20-08:00,0,55
meta/meta.js,89,js,e1599223,Tanya301,2025-02-13,13:17:20,-08:00,2025-02-13T13:17:20-08:00,0,40
meta/meta.js,90,js,e1599223,Tanya301,2025-02-13,13:17:20,-08:00,2025-02-13T13:17:20-08:00,0,39
meta/meta.js,91,js,e1599223,Tanya301,2025-02-13,13:17:20,-08:00,2025-02-13T13:17:20-08:00,0,48
meta/meta.js,92,js,e1599223,Tanya301,2025-02-13,13:17:20,-08:00,2025-02-13T13:17:20-08:00,0,0
meta/meta.js,93,js,e1599223,Tanya301,2025-02-13,13:17:20,-08:00,2025-02-13T13:17:20-08:00,0,0
meta/meta.js,94,js,e1599223,Tanya301,2025-02-13,13:17:20,-08:00,2025-02-13T13:17:20-08:00,0,58
meta/meta.js,95,js,e1599223,Tanya301,2025-02-13,13:17:20,-08:00,2025-02-13T13:17:20-08:00,0,16
meta/meta.js,96,js,e1599223,Tanya301,2025-02-13,13:17:20,-08:00,2025-02-13T13:17:20-08:00,0,2
meta/meta.js,97,js,e1599223,Tanya301,2025-02-13,13:17:20,-08:00,2025-02-13T13:17:20-08:00,0,0
meta/meta.js,98,js,b64d29a4,Tanya301,2025-02-13,13:24:41,-08:00,2025-02-13T13:24:41-08:00,0,0
meta/meta.js,99,js,b64d29a4,Tanya301,2025-02-13,13:24:41,-08:00,2025-02-13T13:24:41-08:00,0,18
meta/meta.js,100,js,b64d29a4,Tanya301,2025-02-13,13:24:41,-08:00,2025-02-13T13:24:41-08:00,0,18
meta/meta.js,101,js,b64d29a4,Tanya301,2025-02-13,13:24:41,-08:00,2025-02-13T13:24:41-08:00,0,0
meta/meta.js,102,js,b64d29a4,Tanya301,2025-02-13,13:24:41,-08:00,2025-02-13T13:24:41-08:00,0,13
meta/meta.js,103,js,b64d29a4,Tanya301,2025-02-13,13:24:41,-08:00,2025-02-13T13:24:41-08:00,0,16
meta/meta.js,104,js,b64d29a4,Tanya301,2025-02-13,13:24:41,-08:00,2025-02-13T13:24:41-08:00,0,13
meta/meta.js,105,js,b64d29a4,Tanya301,2025-02-13,13:24:41,-08:00,2025-02-13T13:24:41-08:00,0,41
meta/meta.js,106,js,b64d29a4,Tanya301,2025-02-13,13:24:41,-08:00,2025-02-13T13:24:41-08:00,0,29
meta/index.html,1,html,30a2260a,Tanya301,2025-02-12,11:30:11,-08:00,2025-02-12T11:30:11-08:00,0,14
meta/index.html,2,html,30a2260a,Tanya301,2025-02-12,11:30:11,-08:00,2025-02-12T11:30:11-08:00,0,15
meta/index.html,3,html,30a2260a,Tanya301,2025-02-12,11:30:11,-08:00,2025-02-12T11:30:11-08:00,0,5
meta/index.html,4,html,30a2260a,Tanya301,2025-02-12,11:30:11,-08:00,2025-02-12T11:30:11-08:00,0,21
meta/index.html,5,html,30a2260a,Tanya301,2025-02-12,11:30:11,-08:00,2025-02-12T11:30:11-08:00,0,69
meta/index.html,6,html,30a2260a,Tanya301,2025-02-12,11:30:11,-08:00,2025-02-12T11:30:11-08:00,0,18
meta/index.html,7,html,30a2260a,Tanya301,2025-02-12,11:30:11,-08:00,2025-02-12T11:30:11-08:00,0,42
meta/index.html,8,html,30a2260a,Tanya301,2025-02-12,11:30:11,-08:00,2025-02-12T11:30:11-08:00,0,49
meta/index.html,9,html,e1599223,Tanya301,2025-02-13,13:17:20,-08:00,2025-02-13T13:17:20-08:00,0,44
meta/index.html,10,html,e1599223,Tanya301,2025-02-13,13:17:20,-08:00,2025-02-13T13:17:20-08:00,0,52
meta/index.html,11,html,30a2260a,Tanya301,2025-02-12,11:30:11,-08:00,2025-02-12T11:30:11-08:00,0,6
meta/index.html,12,html,30a2260a,Tanya301,2025-02-12,11:30:11,-08:00,2025-02-12T11:30:11-08:00,0,5
meta/index.html,13,html,30a2260a,Tanya301,2025-02-12,11:30:11,-08:00,2025-02-12T11:30:11-08:00,0,12
meta/index.html,14,html,30a2260a,Tanya301,2025-02-12,11:30:11,-08:00,2025-02-12T11:30:11-08:00,0,62
meta/index.html,15,html,e1599223,Tanya301,2025-02-13,13:17:20,-08:00,2025-02-13T13:17:20-08:00,0,50
meta/index.html,16,html,e1599223,Tanya301,2025-02-13,13:17:20,-08:00,2025-02-13T13:17:20-08:00,0,21
meta/index.html,17,html,b64d29a4,Tanya301,2025-02-13,13:24:41,-08:00,2025-02-13T13:24:41-08:00,0,65
meta/index.html,18,html,b64d29a4,Tanya301,2025-02-13,13:24:41,-08:00,2025-02-13T13:24:41-08:00,0,21
meta/index.html,19,html,30a2260a,Tanya301,2025-02-12,11:30:11,-08:00,2025-02-12T11:30:11-08:00,0,6
meta/index.html,20,html,30a2260a,Tanya301,2025-02-12,11:30:11,-08:00,2025-02-12T11:30:11-08:00,0,6
contact/index.html,1,html,e9cf69ab,Tanya301,2025-01-10,15:33:16,-08:00,2025-01-10T15:33:16-08:00,0,14
contact/index.html,2,html,e9cf69ab,Tanya301,2025-01-10,15:33:16,-08:00,2025-01-10T15:33:16-08:00,0,15
contact/index.html,3,html,9373f228,Tanya301,2025-01-24,20:45:39,-08:00,2025-01-24T20:45:39-08:00,0,5
contact/index.html,4,html,9373f228,Tanya301,2025-01-24,20:45:39,-08:00,2025-01-24T20:45:39-08:00,0,21
contact/index.html,5,html,9373f228,Tanya301,2025-01-24,20:45:39,-08:00,2025-01-24T20:45:39-08:00,0,69
contact/index.html,6,html,9373f228,Tanya301,2025-01-24,20:45:39,-08:00,2025-01-24T20:45:39-08:00,0,21
contact/index.html,7,html,9373f228,Tanya301,2025-01-24,20:45:39,-08:00,2025-01-24T20:45:39-08:00,0,42
contact/index.html,8,html,9373f228,Tanya301,2025-01-24,20:45:39,-08:00,2025-01-24T20:45:39-08:00,0,49
contact/index.html,9,html,9373f228,Tanya301,2025-01-24,20:45:39,-08:00,2025-01-24T20:45:39-08:00,0,6
contact/index.html,10,html,9373f228,Tanya301,2025-01-24,20:45:39,-08:00,2025-01-24T20:45:39-08:00,0,5
contact/index.html,11,html,9373f228,Tanya301,2025-01-24,20:45:39,-08:00,2025-01-24T20:45:39-08:00,0,15
contact/index.html,12,html,9373f228,Tanya301,2025-01-24,20:45:39,-08:00,2025-01-24T20:45:39-08:00,0,75
contact/index.html,13,html,9373f228,Tanya301,2025-01-24,20:45:39,-08:00,2025-01-24T20:45:39-08:00,0,68
contact/index.html,14,html,9373f228,Tanya301,2025-01-24,20:45:39,-08:00,2025-01-24T20:45:39-08:00,0,55
contact/index.html,15,html,9373f228,Tanya301,2025-01-24,20:45:39,-08:00,2025-01-24T20:45:39-08:00,0,37
contact/index.html,16,html,9373f228,Tanya301,2025-01-24,20:45:39,-08:00,2025-01-24T20:45:39-08:00,0,6
contact/index.html,17,html,9373f228,Tanya301,2025-01-24,20:45:39,-08:00,2025-01-24T20:45:39-08:00,0,6
contact/index.html,18,html,e9cf69ab,Tanya301,2025-01-10,15:33:16,-08:00,2025-01-10T15:33:16-08:00,0,6
